DN,DrawDate,s3,s4,s5,s6
2932,2020-02-29,3,8,9,11
2931,2020-02-26,5,5,12,13
2930,2020-02-22,3,4,7,20
2929,2020-02-19,6,7,8,11
2928,2020-02-15,2,10,14,22
2927,2020-02-12,5,5,8,37
2926,2020-02-08,3,5,6,15
2925,2020-02-05,9,9,10,11
2924,2020-02-01,3,8,12,16
2923,2020-01-29,8,13,16,17
2922,2020-01-25,7,8,9,17
2921,2020-01-22,6,10,12,12
2920,2020-01-18,1,1,5,28
2919,2020-01-15,6,9,11,12
2918,2020-01-11,5,8,9,15
2917,2020-01-08,6,6,9,12
2916,2020-01-04,10,15,17,27
2915,2020-01-01,3,7,8,17
2914,2019-12-28,8,13,18,19
2913,2019-12-25,2,5,6,11
2912,2019-12-21,7,8,15,24
2911,2019-12-18,7,8,11,23
2910,2019-12-14,10,16,17,27
2909,2019-12-11,4,5,11,36
2908,2019-12-07,7,7,30,36
2907,2019-12-04,8,9,12,14
2906,2019-11-30,9,15,17,34
2905,2019-11-27,3,3,9,10
2904,2019-11-23,5,7,10,13
2903,2019-11-20,3,7,9,32
2902,2019-11-16,3,3,17,24
2901,2019-11-13,3,3,9,10
2900,2019-11-09,7,7,9,24
2899,2019-11-06,2,3,7,11
2898,2019-11-02,7,8,10,15
2897,2019-10-30,2,3,4,8
2896,2019-10-26,4,7,16,19
2895,2019-10-23,8,10,11,15
2894,2019-10-19,8,12,13,16
2893,2019-10-16,6,8,9,12
2892,2019-10-12,3,5,13,15
2891,2019-10-09,6,8,15,19
2890,2019-10-05,6,7,9,37
2889,2019-10-02,8,9,12,18
2888,2019-09-28,2,2,4,6
2887,2019-09-25,3,4,6,18
2886,2019-09-21,4,12,13,27
2885,2019-09-18,5,5,13,20
2884,2019-09-14,7,8,15,16
2883,2019-09-11,5,9,10,16
2882,2019-09-07,7,9,10,15
2881,2019-09-04,4,6,6,11
2880,2019-08-31,3,4,6,20
2879,2019-08-28,5,5,6,6
2878,2019-08-24,7,8,8,17
2877,2019-08-21,7,8,9,12
2876,2019-08-17,8,9,13,26
2875,2019-08-14,11,11,15,24
2874,2019-08-10,5,8,11,18
2873,2019-08-07,5,7,7,19
2872,2019-08-03,8,8,14,20
2871,2019-07-31,10,22,23,32
2870,2019-07-27,4,6,9,22
2869,2019-07-24,11,12,17,42
2868,2019-07-20,4,8,9,11
2867,2019-07-17,5,7,8,24
2866,2019-07-13,5,13,18,27
2865,2019-07-10,5,5,8,10
2864,2019-07-06,2,6,14,21
2863,2019-07-03,2,4,7,8
2862,2019-06-29,8,8,10,16
2861,2019-06-26,8,12,14,19
2860,2019-06-22,3,12,15,19
2859,2019-06-19,5,6,8,8
2858,2019-06-15,2,6,8,14
2857,2019-06-12,3,5,10,36
2856,2019-06-08,6,7,8,28
2855,2019-06-05,5,10,10,18
2854,2019-06-01,2,8,11,23
2853,2019-05-29,6,9,12,14
2852,2019-05-25,3,6,10,27
2851,2019-05-22,16,18,21,24
2850,2019-05-18,7,15,18,21
2849,2019-05-15,4,5,5,9
2848,2019-05-11,6,8,21,51
2847,2019-05-08,3,7,7,8
2846,2019-05-04,3,7,10,14
2845,2019-05-01,8,8,22,24
2844,2019-04-27,4,6,8,40
2843,2019-04-24,2,3,6,21
2842,2019-04-20,5,7,7,9
2841,2019-04-17,8,8,8,9
2840,2019-04-13,4,8,9,10
2839,2019-04-10,4,11,19,33
2838,2019-04-06,4,4,16,20
2837,2019-04-03,5,6,8,11
2836,2019-03-30,7,8,12,25
2835,2019-03-27,11,18,28,37
2834,2019-03-23,3,3,10,14
2833,2019-03-20,6,7,10,12
2832,2019-03-16,3,4,7,14
2831,2019-03-13,3,5,9,20
2830,2019-03-09,12,13,18,20
2829,2019-03-06,3,6,10,12
2828,2019-03-02,4,4,11,19
2827,2019-02-27,2,4,5,16
2826,2019-02-23,3,6,6,49
2825,2019-02-20,5,6,6,17
2824,2019-02-16,5,5,7,11
2823,2019-02-13,9,9,13,18
2822,2019-02-09,13,15,15,24
2821,2019-02-06,6,6,7,8
2820,2019-02-02,4,5,5,8
2819,2019-01-30,5,6,11,19
2818,2019-01-26,4,8,18,23
2817,2019-01-23,3,8,8,15
2816,2019-01-19,7,17,23,26
2815,2019-01-16,5,7,14,15
2814,2019-01-12,1,3,7,10
2813,2019-01-09,3,4,6,11
2812,2019-01-05,6,7,8,10
2811,2019-01-02,5,6,7,8
2810,2018-12-29,5,9,24,37
2809,2018-12-26,8,10,13,15
2808,2018-12-22,5,5,11,16
2807,2018-12-19,8,13,14,19
2806,2018-12-15,8,9,15,23
2805,2018-12-12,6,12,15,20
2804,2018-12-08,3,6,6,16
2803,2018-12-05,3,17,17,21
2802,2018-12-01,3,4,7,14
2801,2018-11-28,7,9,13,27
2800,2018-11-24,7,9,15,16
2799,2018-11-21,7,7,8,22
2798,2018-11-17,2,2,4,27
2797,2018-11-14,3,4,6,17
2796,2018-11-10,3,5,8,13
2795,2018-11-07,5,5,6,11
2794,2018-11-03,9,11,29,34
2793,2018-10-31,3,4,6,11
2792,2018-10-27,6,7,7,8
2791,2018-10-24,11,14,19,30
2790,2018-10-20,8,8,10,12
2789,2018-10-17,7,8,11,18
2788,2018-10-13,2,10,12,12
2787,2018-10-10,4,9,12,12
2786,2018-10-06,6,7,12,31
2785,2018-10-03,2,4,9,12
2784,2018-09-29,3,4,11,15
2783,2018-09-26,6,7,8,16
2782,2018-09-22,8,9,9,39
2781,2018-09-19,4,6,10,12
2780,2018-09-15,4,6,8,17
2779,2018-09-12,7,8,9,12
2778,2018-09-08,15,16,21,40
2777,2018-09-05,5,5,15,17
2776,2018-09-01,8,8,9,13
2775,2018-08-29,5,6,8,10
2774,2018-08-25,13,15,15,17
2773,2018-08-22,5,7,8,19
2772,2018-08-18,4,5,6,13
2771,2018-08-15,5,6,6,26
2770,2018-08-11,9,11,12,29
2769,2018-08-08,6,7,12,13
2768,2018-08-04,7,8,10,40
2767,2018-08-01,1,3,7,15
2766,2018-07-28,9,13,15,27
2765,2018-07-25,1,3,7,22
2764,2018-07-21,5,6,10,18
2763,2018-07-18,3,9,14,15
2762,2018-07-14,5,6,7,20
2761,2018-07-11,6,8,10,11
2760,2018-07-07,13,14,19,26
2759,2018-07-04,7,8,10,12
2758,2018-06-30,2,6,7,14
2757,2018-06-27,4,9,11,20
2756,2018-06-23,6,7,8,9
2755,2018-06-20,4,4,6,50
2754,2018-06-16,7,17,18,28
2753,2018-06-13,4,10,20,20
2752,2018-06-09,3,4,9,19
2751,2018-06-06,5,6,7,9
2750,2018-06-02,5,5,10,13
2749,2018-05-30,5,7,18,25
2748,2018-05-26,4,5,7,17
2747,2018-05-23,7,8,9,46
2746,2018-05-19,4,4,6,23
2745,2018-05-16,7,14,16,17
2744,2018-05-12,14,15,17,23
2743,2018-05-09,2,3,5,7
2742,2018-05-05,7,7,11,23
2741,2018-05-02,2,10,14,18
2740,2018-04-28,3,5,8,10
2739,2018-04-25,3,7,7,19
2738,2018-04-21,4,10,19,23
2737,2018-04-18,4,7,9,11
2736,2018-04-14,2,2,15,18
2735,2018-04-11,6,7,13,22
2734,2018-04-07,4,9,10,11
2733,2018-04-04,8,11,11,14
2732,2018-03-31,5,5,10,12
2731,2018-03-28,2,9,10,54
2730,2018-03-24,6,7,9,18
2729,2018-03-21,2,3,7,27
2728,2018-03-17,3,3,4,12
2727,2018-03-14,16,28,32,47
2726,2018-03-10,12,13,24,27
2725,2018-03-07,2,5,7,8
2724,2018-03-03,5,6,8,22
2723,2018-02-28,8,12,18,42
2722,2018-02-24,4,9,13,17
2721,2018-02-21,9,12,18,30
2720,2018-02-17,3,3,4,8
2719,2018-02-14,4,8,10,12
2718,2018-02-10,3,4,7,7
2717,2018-02-07,7,9,9,19
2716,2018-02-03,2,6,7,8
2715,2018-01-31,5,12,27,36
2714,2018-01-27,7,7,10,24
2713,2018-01-24,3,4,10,13
2712,2018-01-20,4,6,10,14
2711,2018-01-17,4,5,6,11
2710,2018-01-13,3,6,8,15
2709,2018-01-10,3,4,14,37
2708,2018-01-06,10,11,16,17
2707,2018-01-03,2,3,6,7
2706,2017-12-30,3,5,6,7
2705,2017-12-27,8,10,13,30
2704,2017-12-23,4,7,10,17
2703,2017-12-20,7,10,11,14
2702,2017-12-16,3,5,8,22
2701,2017-12-13,4,7,7,25
2700,2017-12-09,5,6,9,16
2699,2017-12-06,4,6,14,49
2698,2017-12-02,7,8,8,11
2697,2017-11-29,11,12,25,36
2696,2017-11-25,4,5,11,20
2695,2017-11-22,7,11,12,16
2694,2017-11-18,1,4,9,33
2693,2017-11-15,5,11,13,20
2692,2017-11-11,10,14,16,20
2691,2017-11-08,2,2,4,4
2690,2017-11-04,4,4,7,17
2689,2017-11-01,3,9,12,14
2688,2017-10-28,3,4,5,5
2687,2017-10-25,5,9,26,29
2686,2017-10-21,3,4,5,18
2685,2017-10-18,6,8,13,15
2684,2017-10-14,3,5,9,14
2683,2017-10-11,4,5,6,10
2682,2017-10-07,7,11,16,16
2681,2017-10-04,3,3,4,13
2680,2017-09-30,7,17,21,32
2679,2017-09-27,8,8,21,24
2678,2017-09-23,4,4,8,13
2677,2017-09-20,5,5,6,10
2676,2017-09-16,7,12,13,20
2675,2017-09-13,7,8,8,10
2674,2017-09-09,5,6,7,9
2673,2017-09-06,7,14,17,20
2672,2017-09-02,3,3,4,14
2671,2017-08-30,9,10,11,28
2670,2017-08-26,5,6,13,19
2669,2017-08-23,4,10,11,14
2668,2017-08-19,7,8,15,27
2667,2017-08-16,3,4,4,10
2666,2017-08-12,4,4,7,12
2665,2017-08-09,7,12,12,21
2664,2017-08-05,3,4,5,12
2663,2017-08-02,7,9,11,15
2662,2017-07-29,6,10,19,26
2661,2017-07-26,20,29,36,42
2660,2017-07-22,7,8,10,20
2659,2017-07-19,4,8,9,11
2658,2017-07-15,2,7,9,20
2657,2017-07-12,5,5,6,12
2656,2017-07-08,3,10,11,33
2655,2017-07-05,8,17,18,19
2654,2017-07-01,7,8,14,15
2653,2017-06-28,4,9,9,23
2652,2017-06-24,5,6,9,23
2651,2017-06-21,2,17,26,33
2650,2017-06-17,2,3,4,8
2649,2017-06-14,4,5,6,16
2648,2017-06-10,9,11,17,22
2647,2017-06-07,5,11,11,31
2646,2017-06-03,4,4,6,16
2645,2017-05-31,4,4,6,30
2644,2017-05-27,6,6,15,22
2643,2017-05-24,7,10,16,26
2642,2017-05-20,2,4,7,17
2641,2017-05-17,2,4,6,7
2640,2017-05-13,8,13,14,20
2639,2017-05-10,5,9,11,18
2638,2017-05-06,4,11,15,22
2637,2017-05-03,2,3,5,19
2636,2017-04-29,4,5,6,8
2635,2017-04-26,2,3,6,6
2634,2017-04-22,5,6,10,19
2633,2017-04-19,9,10,17,34
2632,2017-04-15,2,4,13,13
2631,2017-04-12,4,7,9,19
2630,2017-04-08,4,5,6,8
2629,2017-04-05,6,7,15,19
2628,2017-04-01,10,10,16,24
2627,2017-03-29,2,12,13,19
2626,2017-03-25,6,9,11,30
2625,2017-03-22,4,4,5,10
2624,2017-03-18,4,7,13,17
2623,2017-03-15,4,4,5,12
2622,2017-03-11,6,9,12,16
2621,2017-03-08,4,9,10,37
2620,2017-03-04,7,9,16,22
2619,2017-03-01,12,18,29,37
2618,2017-02-25,7,9,13,18
2617,2017-02-22,8,17,21,23
2616,2017-02-18,6,10,13,17
2615,2017-02-15,3,3,6,7
2614,2017-02-11,5,8,9,12
2613,2017-02-08,7,7,8,20
2612,2017-02-04,4,6,7,23
2611,2017-02-01,11,18,19,20
2610,2017-01-28,2,2,3,6
2609,2017-01-25,5,6,8,19
2608,2017-01-21,6,18,24,25
2607,2017-01-18,5,10,13,21
2606,2017-01-14,5,6,11,15
2605,2017-01-11,2,3,5,5
2604,2017-01-07,11,13,23,23
2603,2017-01-04,6,11,12,21
2602,2016-12-31,4,6,9,14
2601,2016-12-28,2,11,14,15
2600,2016-12-24,3,4,15,47
2599,2016-12-21,2,3,10,11
2598,2016-12-17,2,3,3,4
2597,2016-12-14,5,8,23,34
2596,2016-12-10,7,10,12,13
2595,2016-12-07,1,2,9,13
2594,2016-12-03,13,17,33,35
2593,2016-11-30,4,6,8,16
2592,2016-11-26,4,5,5,12
2591,2016-11-23,3,17,19,42
2590,2016-11-19,8,10,23,26
2589,2016-11-16,5,9,10,17
2588,2016-11-12,3,4,5,31
2587,2016-11-09,12,13,14,36
2586,2016-11-05,3,7,7,24
2585,2016-11-02,3,8,9,9
2584,2016-10-29,6,9,14,14
2583,2016-10-26,5,8,11,28
2582,2016-10-22,3,5,7,15
2581,2016-10-19,2,6,8,15
2580,2016-10-15,8,8,9,22
2579,2016-10-12,1,5,15,23
2578,2016-10-08,4,7,9,14
2577,2016-10-05,7,8,9,11
2576,2016-10-01,3,18,18,26
2575,2016-09-28,4,9,10,19
2574,2016-09-24,4,6,8,26
2573,2016-09-21,3,5,6,20
2572,2016-09-17,4,7,8,17
2571,2016-09-14,2,2,5,8
2570,2016-09-10,8,10,18,54
2569,2016-09-07,2,4,15,17
2568,2016-09-03,7,15,15,26
2567,2016-08-31,3,4,8,27
2566,2016-08-27,3,4,12,23
2565,2016-08-24,6,8,14,15
2564,2016-08-20,4,6,6,9
2563,2016-08-17,2,2,3,4
2562,2016-08-13,2,3,4,5
2561,2016-08-10,9,13,18,21
2560,2016-08-06,6,9,15,34
2559,2016-08-03,10,23,30,32
2558,2016-07-30,2,2,8,12
2557,2016-07-27,3,8,15,19
2556,2016-07-23,5,9,20,32
2555,2016-07-20,4,7,8,12
2554,2016-07-16,7,10,10,15
2553,2016-07-13,4,6,7,9
2552,2016-07-09,8,9,13,17
2551,2016-07-06,3,6,6,11
2550,2016-07-02,3,4,5,20
2549,2016-06-29,11,20,22,31
2548,2016-06-25,9,11,11,18
2547,2016-06-22,2,3,6,7
2546,2016-06-18,5,5,15,16
2545,2016-06-15,6,13,17,26
2544,2016-06-11,3,6,8,9
2543,2016-06-08,5,6,12,25
2542,2016-06-04,7,8,8,16
2541,2016-06-01,7,8,9,14
2540,2016-05-28,6,7,9,10
2539,2016-05-25,3,7,7,14
2538,2016-05-21,2,2,3,9
2537,2016-05-18,4,7,14,17
2536,2016-05-14,4,5,8,17
2535,2016-05-11,6,12,14,17
2534,2016-05-07,6,13,15,17
2533,2016-05-04,7,7,8,23
2532,2016-04-30,4,7,9,17
2531,2016-04-27,4,9,17,25
2530,2016-04-23,8,8,9,24
2529,2016-04-20,5,7,10,31
2528,2016-04-16,4,7,24,38
2527,2016-04-13,4,8,9,15
2526,2016-04-09,2,6,6,19
2525,2016-04-06,4,8,10,24
2524,2016-04-02,4,8,10,17
2523,2016-03-30,9,10,11,12
2522,2016-03-26,11,14,20,26
2521,2016-03-23,4,4,6,10
2520,2016-03-19,6,7,8,16
2519,2016-03-16,2,3,3,14
2518,2016-03-12,9,10,12,24
2517,2016-03-09,4,4,8,20
2516,2016-03-05,12,13,17,20
2515,2016-03-02,3,13,21,28
2514,2016-02-27,5,6,9,20
2513,2016-02-24,2,6,6,29
2512,2016-02-20,7,7,9,11
2511,2016-02-17,1,2,11,26
2510,2016-02-13,3,8,10,15
2509,2016-02-10,9,12,17,21
2508,2016-02-06,5,9,10,26
2507,2016-02-03,1,3,3,6
2506,2016-01-30,3,6,9,14
2505,2016-01-27,6,6,12,12
2504,2016-01-23,6,6,7,12
2503,2016-01-20,6,7,14,28
2502,2016-01-16,2,4,9,23
2501,2016-01-13,10,11,16,26
2500,2016-01-09,4,5,17,20
2499,2016-01-06,8,10,11,23
2498,2016-01-02,4,5,8,11
2497,2015-12-30,4,4,13,28
2496,2015-12-26,5,7,8,13
2495,2015-12-23,4,6,11,12
2494,2015-12-19,4,5,11,17
2493,2015-12-16,7,7,13,30
2492,2015-12-12,7,7,13,16
2491,2015-12-09,9,11,12,29
2490,2015-12-05,3,7,9,14
2489,2015-12-02,4,12,14,34
2488,2015-11-28,6,7,8,14
2487,2015-11-25,3,5,6,8
2486,2015-11-21,14,17,23,32
2485,2015-11-18,7,9,13,17
2484,2015-11-14,9,11,21,61
2483,2015-11-11,3,4,7,19
2482,2015-11-07,5,11,17,22
2481,2015-11-04,8,10,13,14
2480,2015-10-31,2,2,3,30
2479,2015-10-28,5,10,12,22
2478,2015-10-24,5,8,8,9
2477,2015-10-21,8,10,14,32
2476,2015-10-17,8,12,20,21
2475,2015-10-14,1,2,3,5
2474,2015-10-10,4,4,9,18
2473,2015-10-07,6,9,13,17
2472,2015-10-03,1,4,5,14
2471,2015-09-30,5,5,9,12
2470,2015-09-26,6,7,13,19
2469,2015-09-23,4,5,6,10
2468,2015-09-19,6,7,8,19
2467,2015-09-16,6,8,23,27
2466,2015-09-12,9,10,11,13
2465,2015-09-09,3,6,11,11
2464,2015-09-05,4,6,8,13
2463,2015-09-02,5,8,10,21
2462,2015-08-29,6,9,11,14
2461,2015-08-26,4,7,7,9
2460,2015-08-22,3,7,7,10
2459,2015-08-19,8,12,12,14
2458,2015-08-15,6,7,7,10
2457,2015-08-12,7,8,9,14
2456,2015-08-08,8,10,16,25
2455,2015-08-05,6,10,11,14
2454,2015-08-01,8,13,18,21
2453,2015-07-29,11,18,21,27
2452,2015-07-25,7,9,10,14
2451,2015-07-22,2,2,9,22
2450,2015-07-18,4,13,20,32
2449,2015-07-15,5,12,15,21
2448,2015-07-11,5,5,9,9
2447,2015-07-08,7,10,18,22
2446,2015-07-04,3,4,8,11
2445,2015-07-01,7,9,12,15
2444,2015-06-27,4,10,10,17
2443,2015-06-24,6,6,8,11
2442,2015-06-20,2,3,8,8
2441,2015-06-17,7,12,19,34
2440,2015-06-13,4,7,15,18
2439,2015-06-10,3,3,14,16
2438,2015-06-06,6,6,7,8
2437,2015-06-03,4,5,20,22
2436,2015-05-30,9,11,16,55
2435,2015-05-27,5,8,10,11
2434,2015-05-23,9,10,18,35
2433,2015-05-20,6,7,11,13
2432,2015-05-16,2,3,4,11
2431,2015-05-13,5,8,23,27
2430,2015-05-09,4,4,7,14
2429,2015-05-06,8,9,18,20
2428,2015-05-02,7,7,8,15
2427,2015-04-29,5,7,8,9
2426,2015-04-25,2,8,9,9
2425,2015-04-22,8,13,24,27
2424,2015-04-18,5,5,15,44
2423,2015-04-15,5,8,9,12
2422,2015-04-11,7,12,14,18
2421,2015-04-08,5,8,13,17
2420,2015-04-04,2,2,5,8
2419,2015-04-01,7,21,29,37
2418,2015-03-28,6,9,14,24
2417,2015-03-25,6,7,8,11
2416,2015-03-21,3,3,4,6
2415,2015-03-18,2,8,8,10
2414,2015-03-14,12,14,26,35
2413,2015-03-11,7,8,15,24
2412,2015-03-07,12,13,15,17
2411,2015-03-04,3,4,7,10
2410,2015-02-28,3,10,21,27
2409,2015-02-25,3,4,6,10
2408,2015-02-21,4,7,10,12
2407,2015-02-18,2,10,11,15
2406,2015-02-14,5,5,9,19
2405,2015-02-11,2,3,4,12
2404,2015-02-07,8,8,18,31
2403,2015-02-04,3,8,13,26
2402,2015-01-31,7,8,12,12
2401,2015-01-28,2,4,8,13
2400,2015-01-24,7,9,14,29
2399,2015-01-21,2,4,18,20
2398,2015-01-17,4,4,9,43
2397,2015-01-14,11,22,23,25
2396,2015-01-10,9,11,12,18
2395,2015-01-07,2,3,4,9
2394,2015-01-03,2,2,3,14
2393,2014-12-31,2,9,11,13
2392,2014-12-27,4,5,15,16
2391,2014-12-24,4,5,5,7
2390,2014-12-20,6,8,10,23
2389,2014-12-17,1,2,4,10
2388,2014-12-13,5,6,6,7
2387,2014-12-10,12,15,21,35
2386,2014-12-06,3,4,11,25
2385,2014-12-03,2,5,8,11
2384,2014-11-29,6,11,13,27
2383,2014-11-26,7,12,15,30
2382,2014-11-22,4,9,10,14
2381,2014-11-19,5,5,6,8
2380,2014-11-15,3,5,7,34
2379,2014-11-12,3,4,5,17
2378,2014-11-08,7,8,11,39
2377,2014-11-05,7,9,12,18
2376,2014-11-01,4,5,7,10
2375,2014-10-29,7,11,12,15
2374,2014-10-25,9,10,10,22
2373,2014-10-22,4,7,8,9
2372,2014-10-18,4,6,7,22
2371,2014-10-15,9,13,16,20
2370,2014-10-11,2,4,14,27
2369,2014-10-08,6,8,9,13
2368,2014-10-04,5,9,10,12
2367,2014-10-01,12,13,15,18
2366,2014-09-27,3,5,6,9
2365,2014-09-24,3,7,8,18
2364,2014-09-20,4,4,15,20
2363,2014-09-17,5,6,7,11
2362,2014-09-13,3,4,4,10
2361,2014-09-10,6,8,15,27
2360,2014-09-06,10,11,24,24
2359,2014-09-03,9,9,18,18
2358,2014-08-30,5,7,8,10
2357,2014-08-27,3,15,17,21
2356,2014-08-23,5,7,11,28
2355,2014-08-20,2,7,10,11
2354,2014-08-16,3,6,8,19
2353,2014-08-13,14,15,17,28
2352,2014-08-09,5,7,22,30
2351,2014-08-06,4,5,7,11
2350,2014-08-02,7,10,11,18
2349,2014-07-30,2,3,5,17
2348,2014-07-26,5,6,14,23
2347,2014-07-23,9,10,12,28
2346,2014-07-19,5,6,21,27
2345,2014-07-16,9,11,14,15
2344,2014-07-12,6,6,7,21
2343,2014-07-09,1,8,12,28
2342,2014-07-05,5,6,16,46
2341,2014-07-02,3,9,12,37
2340,2014-06-28,1,2,7,8
2339,2014-06-25,4,5,8,12
2338,2014-06-21,5,7,7,20
2337,2014-06-18,4,9,18,24
2336,2014-06-14,8,9,12,22
2335,2014-06-11,3,6,10,12
2334,2014-06-07,5,8,13,18
2333,2014-06-04,4,11,14,34
2332,2014-05-31,8,11,15,40
2331,2014-05-28,4,4,5,17
2330,2014-05-24,4,7,13,16
2329,2014-05-21,2,3,7,9
2328,2014-05-17,5,9,11,15
2327,2014-05-14,6,7,9,9
2326,2014-05-10,2,6,10,22
2325,2014-05-07,7,10,18,23
2324,2014-05-03,5,9,10,11
2323,2014-04-30,2,3,7,11
2322,2014-04-26,4,9,11,19
2321,2014-04-23,4,5,7,14
2320,2014-04-19,10,11,21,29
2319,2014-04-16,9,11,18,38
2318,2014-04-12,3,12,21,36
2317,2014-04-09,4,5,11,19
2316,2014-04-05,5,7,7,16
2315,2014-04-02,4,6,8,10
2314,2014-03-29,4,5,18,35
2313,2014-03-26,5,6,11,13
2312,2014-03-22,4,11,18,19
2311,2014-03-19,5,5,9,24
2310,2014-03-15,5,8,8,12
2309,2014-03-12,6,6,9,19
2308,2014-03-08,3,4,4,7
2307,2014-03-05,3,4,6,9
2306,2014-03-01,5,6,9,36
2305,2014-02-26,10,12,14,28
2304,2014-02-22,2,6,8,16
2303,2014-02-19,5,7,10,14
2302,2014-02-15,7,9,10,12
2301,2014-02-12,4,12,14,15
2300,2014-02-08,3,3,12,17
2299,2014-02-05,7,11,25,27
2298,2014-02-01,8,15,20,25
2297,2014-01-29,7,8,11,11
2296,2014-01-25,2,2,14,14
2295,2014-01-22,7,11,15,15
2294,2014-01-18,3,9,20,29
2293,2014-01-15,2,4,6,11
2292,2014-01-11,2,5,8,21
2291,2014-01-08,6,7,9,10
2290,2014-01-04,3,4,9,10
2289,2014-01-01,4,5,6,20
2288,2013-12-28,4,5,7,12
2287,2013-12-25,3,4,4,17
2286,2013-12-21,7,7,10,30
2285,2013-12-18,10,17,18,24
2284,2013-12-14,7,7,8,9
2283,2013-12-11,5,7,19,22
2282,2013-12-07,6,7,7,12
2281,2013-12-04,7,8,10,12
2280,2013-11-30,5,7,11,21
2279,2013-11-27,5,6,7,10
2278,2013-11-23,10,11,18,25
2277,2013-11-20,5,9,15,20
2276,2013-11-16,9,11,22,29
2275,2013-11-13,12,14,17,34
2274,2013-11-09,3,3,4,13
2273,2013-11-06,6,8,11,14
2272,2013-11-02,6,7,8,10
2271,2013-10-30,13,16,20,21
2270,2013-10-26,2,4,5,16
2269,2013-10-23,3,11,11,13
2268,2013-10-19,4,4,5,9
2267,2013-10-16,20,21,22,23
2266,2013-10-12,4,7,11,14
2265,2013-10-09,2,3,8,10
2264,2013-10-05,4,4,6,12
2263,2013-10-02,3,4,10,10
2262,2013-09-28,5,6,7,14
2261,2013-09-25,7,10,13,36
2260,2013-09-21,4,5,6,10
2259,2013-09-18,7,11,11,13
2258,2013-09-14,6,8,8,13
2257,2013-09-11,20,25,26,34
2256,2013-09-07,11,13,20,31
2255,2013-09-04,7,8,11,25
2254,2013-08-31,3,7,7,12
2253,2013-08-28,6,8,14,24
2252,2013-08-24,3,6,9,37
2251,2013-08-21,2,6,7,10
2250,2013-08-17,6,9,13,15
2249,2013-08-14,8,11,16,23
2248,2013-08-10,4,12,17,43
2247,2013-08-07,4,9,17,17
2246,2013-08-03,9,14,21,25
2245,2013-07-31,5,6,12,21
2244,2013-07-27,2,3,5,7
2243,2013-07-24,4,6,8,15
2242,2013-07-20,2,2,3,11
2241,2013-07-17,6,13,16,17
2240,2013-07-13,5,6,10,14
2239,2013-07-10,5,8,12,12
2238,2013-07-06,2,4,4,5
2237,2013-07-03,4,11,13,17
2236,2013-06-29,4,7,15,23
2235,2013-06-26,3,3,3,8
2234,2013-06-22,5,18,18,54
2233,2013-06-19,5,15,22,29
2232,2013-06-15,3,4,13,31
2231,2013-06-12,6,9,9,14
2230,2013-06-08,7,8,10,22
2229,2013-06-05,8,9,18,19
2228,2013-06-01,2,5,7,9
2227,2013-05-29,3,4,18,24
2226,2013-05-25,4,7,8,14
2225,2013-05-22,6,9,12,18
2224,2013-05-18,7,7,11,19
2223,2013-05-15,5,8,9,11
2222,2013-05-11,2,6,9,22
2221,2013-05-08,3,4,14,16
2220,2013-05-04,8,10,20,21
2219,2013-05-01,7,14,15,19
2218,2013-04-27,3,4,4,10
2217,2013-04-24,4,6,9,16
2216,2013-04-20,7,7,8,30
2215,2013-04-17,7,17,18,21
2214,2013-04-13,4,5,7,30
2213,2013-04-10,2,7,17,28
2212,2013-04-06,2,3,5,8
2211,2013-04-03,13,18,20,28
2210,2013-03-30,5,9,12,18
2209,2013-03-27,4,6,16,19
2208,2013-03-23,4,4,6,13
2207,2013-03-20,6,10,11,17
2206,2013-03-16,5,6,9,45
2205,2013-03-13,3,7,12,19
2204,2013-03-09,2,6,10,30
2203,2013-03-06,4,4,7,15
2202,2013-03-02,4,7,10,12
2201,2013-02-27,5,6,7,19
2200,2013-02-23,7,8,11,20
2199,2013-02-20,4,8,10,15
2198,2013-02-16,11,12,12,14
2197,2013-02-13,6,9,12,34
2196,2013-02-09,2,9,10,14
2195,2013-02-06,3,18,30,66
2194,2013-02-02,11,12,19,31
2193,2013-01-30,3,4,5,6
2192,2013-01-26,4,5,7,17
2191,2013-01-23,6,12,12,15
2190,2013-01-19,3,9,10,20
2189,2013-01-16,2,5,5,9
2188,2013-01-12,5,7,11,12
2187,2013-01-09,3,4,8,15
2186,2013-01-05,5,10,13,17
2185,2013-01-02,9,11,13,14
2184,2012-12-29,6,6,19,19
2183,2012-12-26,3,6,8,35
2182,2012-12-22,8,12,13,18
2181,2012-12-19,5,7,24,24
2180,2012-12-15,5,6,7,8
2179,2012-12-12,2,2,9,13
2178,2012-12-08,9,11,11,13
2177,2012-12-05,7,10,14,19
2176,2012-12-01,5,8,10,20
2175,2012-11-28,5,7,8,14
2174,2012-11-24,2,15,20,22
2173,2012-11-21,2,4,4,7
2172,2012-11-17,2,6,10,12
2171,2012-11-14,5,6,13,21
2170,2012-11-10,3,3,5,6
2169,2012-11-07,9,12,14,36
2168,2012-11-03,6,7,13,25
2167,2012-10-31,6,12,15,18
2166,2012-10-27,4,7,13,19
2165,2012-10-24,7,8,9,11
2164,2012-10-20,4,5,13,28
2163,2012-10-17,5,7,8,22
2162,2012-10-13,4,5,8,9
2161,2012-10-10,9,14,16,59
2160,2012-10-06,4,11,11,14
2159,2012-10-03,3,4,5,22
2158,2012-09-29,5,5,6,8
2157,2012-09-26,6,7,17,27
2156,2012-09-22,6,9,10,25
2155,2012-09-19,10,11,12,18
2154,2012-09-15,6,8,10,11
2153,2012-09-12,4,6,11,26
2152,2012-09-08,12,19,20,30
2151,2012-09-05,2,6,8,32
2150,2012-09-01,6,7,8,15
2149,2012-08-29,2,7,7,29
2148,2012-08-25,8,8,9,15
2147,2012-08-22,3,7,9,14
2146,2012-08-18,2,5,6,7
2145,2012-08-15,8,11,13,13
2144,2012-08-11,5,5,10,11
2143,2012-08-08,7,7,18,28
2142,2012-08-04,1,8,14,18
2141,2012-08-01,6,6,25,26
2140,2012-07-28,3,4,11,21
2139,2012-07-25,5,16,30,34
2138,2012-07-21,9,9,11,16
2137,2012-07-18,2,5,6,9
2136,2012-07-14,4,6,6,12
2135,2012-07-11,3,7,9,15
2134,2012-07-07,7,8,8,9
2133,2012-07-04,3,5,11,12
2132,2012-06-30,2,2,6,6
2131,2012-06-27,3,6,8,19
2130,2012-06-23,9,9,11,17
2129,2012-06-20,8,8,11,12
2128,2012-06-16,4,14,18,20
2127,2012-06-13,7,9,11,33
2126,2012-06-09,3,4,5,20
2125,2012-06-06,7,9,13,14
2124,2012-06-02,7,7,13,21
2123,2012-05-30,7,14,14,16
2122,2012-05-26,3,3,9,17
2121,2012-05-23,12,16,26,40
2120,2012-05-19,2,3,5,14
2119,2012-05-16,5,7,13,17
2118,2012-05-12,7,10,20,34
2117,2012-05-09,2,4,10,17
2116,2012-05-05,6,6,7,22
2115,2012-05-02,2,3,3,6
2114,2012-04-28,7,7,22,25
2113,2012-04-25,3,8,9,23
2112,2012-04-21,2,6,6,28
2111,2012-04-18,7,12,22,34
2110,2012-04-14,6,10,14,15
2109,2012-04-11,8,11,16,16
2108,2012-04-07,5,8,18,20
2107,2012-04-04,8,12,13,30
2106,2012-03-31,5,11,13,14
2105,2012-03-28,4,7,8,13
2104,2012-03-24,2,2,7,10
2103,2012-03-21,2,4,6,18
2102,2012-03-17,2,3,3,16
2101,2012-03-14,6,8,9,13
2100,2012-03-10,4,8,10,18
2099,2012-03-07,3,4,6,27
2098,2012-03-03,2,8,10,14
2097,2012-02-29,3,6,6,7
2096,2012-02-25,7,12,15,20
2095,2012-02-22,6,7,35,49
2094,2012-02-18,8,9,14,15
2093,2012-02-15,4,6,6,20
2092,2012-02-11,6,10,11,39
2091,2012-02-08,4,6,22,25
2090,2012-02-04,5,5,6,14
2089,2012-02-01,9,12,26,41
2088,2012-01-28,5,8,9,10
2087,2012-01-25,7,9,9,14
2086,2012-01-21,5,7,11,19
2085,2012-01-18,6,12,16,29
2084,2012-01-14,1,2,14,15
2083,2012-01-11,6,9,17,23
2082,2012-01-07,2,4,7,17
2081,2012-01-04,10,10,11,16
2080,2011-12-31,5,6,7,8
2079,2011-12-28,4,5,5,11
2078,2011-12-24,2,2,6,6
2077,2011-12-21,4,12,21,23
2076,2011-12-17,5,6,12,17
2075,2011-12-14,5,7,9,13
2074,2011-12-10,6,8,8,29
2073,2011-12-07,7,12,17,17
2072,2011-12-03,2,3,11,17
2071,2011-11-30,12,13,16,24
2070,2011-11-26,5,8,15,15
2069,2011-11-23,4,4,7,10
2068,2011-11-19,1,4,4,17
2067,2011-11-16,4,6,7,8
2066,2011-11-12,4,6,8,26
2065,2011-11-09,11,13,15,25
2064,2011-11-05,3,6,9,20
2063,2011-11-02,3,6,10,16
2062,2011-10-29,5,14,17,18
2061,2011-10-26,4,9,10,11
2060,2011-10-22,8,13,17,27
2059,2011-10-19,9,12,15,25
2058,2011-10-15,3,4,9,19
2057,2011-10-12,9,15,23,39
2056,2011-10-08,3,5,10,34
2055,2011-10-05,3,3,5,6
2054,2011-10-01,3,5,6,11
2053,2011-09-28,3,8,8,9
2052,2011-09-24,6,6,16,26
2051,2011-09-21,2,4,5,12
2050,2011-09-17,14,0,15,15
2049,2011-09-14,5,5,6,7
2048,2011-09-10,8,10,10,14
2047,2011-09-07,4,6,7,10
2046,2011-09-03,7,9,22,23
2045,2011-08-31,9,9,15,19
2044,2011-08-27,7,9,9,18
2043,2011-08-24,2,5,7,12
2042,2011-08-20,4,4,22,32
2041,2011-08-17,7,7,11,13
2040,2011-08-13,7,11,13,29
2039,2011-08-10,6,7,8,25
2038,2011-08-06,4,6,15,17
2037,2011-08-03,10,11,15,18
2036,2011-07-30,8,11,12,17
2035,2011-07-27,4,5,8,10
2034,2011-07-23,5,6,8,12
2033,2011-07-20,3,3,10,25
2032,2011-07-16,5,7,7,9
2031,2011-07-13,2,3,7,14
2030,2011-07-09,6,10,15,16
2029,2011-07-06,2,4,8,19
2028,2011-07-02,4,8,13,22
2027,2011-06-29,6,6,14,15
2026,2011-06-25,8,8,16,25
2025,2011-06-22,8,12,17,20
2024,2011-06-18,6,10,26,30
2023,2011-06-15,15,17,19,39
2022,2011-06-11,5,7,10,15
2021,2011-06-08,3,8,15,39
2020,2011-06-04,3,4,6,7
2019,2011-06-01,7,8,10,11
2018,2011-05-28,2,3,13,18
2017,2011-05-25,4,6,19,24
2016,2011-05-21,8,9,10,31
2015,2011-05-18,4,6,10,17
2014,2011-05-14,4,8,12,17
2013,2011-05-11,2,3,8,38
2012,2011-05-07,5,11,14,17
2011,2011-05-04,2,4,8,26
2010,2011-04-30,5,6,8,62
2009,2011-04-27,6,8,8,10
2008,2011-04-23,4,5,7,37
2007,2011-04-20,7,7,8,8
2006,2011-04-16,4,6,7,31
2005,2011-04-13,5,8,8,18
2004,2011-04-09,6,7,8,15
2003,2011-04-06,14,15,15,16
2002,2011-04-02,7,8,13,28
2001,2011-03-30,4,4,5,14
2000,2011-03-26,5,5,7,16
1999,2011-03-23,8,13,18,20
1998,2011-03-19,8,8,11,17
1997,2011-03-16,5,6,11,14
1996,2011-03-12,5,16,20,46
1995,2011-03-09,3,4,7,15
1994,2011-03-05,2,3,6,11
1993,2011-03-02,3,4,9,29
1992,2011-02-26,2,10,17,19
1991,2011-02-23,4,7,9,17
1990,2011-02-19,7,11,13,18
1989,2011-02-16,5,6,11,13
1988,2011-02-12,2,3,5,7
1987,2011-02-09,2,5,6,11
1986,2011-02-05,8,13,20,24
1985,2011-02-02,3,4,6,10
1984,2011-01-29,11,12,14,30
1983,2011-01-26,4,6,6,13
1982,2011-01-22,4,19,21,29
1981,2011-01-19,4,5,9,15
1980,2011-01-15,2,7,12,28
1979,2011-01-12,5,5,10,18
1978,2011-01-08,3,5,10,22
1977,2011-01-05,7,10,15,26
1976,2011-01-01,8,10,19,19
1975,2010-12-29,4,6,8,21
1974,2010-12-25,5,9,10,14
1973,2010-12-22,4,4,5,6
1972,2010-12-18,7,10,13,22
1971,2010-12-15,3,6,11,13
1970,2010-12-11,6,7,15,19
1969,2010-12-08,3,6,7,8
1968,2010-12-04,4,4,11,30
1967,2010-12-01,3,4,6,22
1966,2010-11-27,7,7,14,14
1965,2010-11-24,9,14,23,23
1964,2010-11-20,4,5,6,20
1963,2010-11-17,6,13,15,17
1962,2010-11-13,4,8,15,30
1961,2010-11-10,4,5,5,22
1960,2010-11-06,7,9,11,14
1959,2010-11-03,2,3,4,10
1958,2010-10-30,5,6,10,21
1957,2010-10-27,5,8,12,22
1956,2010-10-23,2,5,6,9
1955,2010-10-20,6,10,11,41
1954,2010-10-16,6,6,10,15
1953,2010-10-13,10,13,18,25
1952,2010-10-09,5,5,12,17
1951,2010-10-06,7,8,13,32
1950,2010-10-02,9,10,12,20
1949,2010-09-29,3,3,6,11
1948,2010-09-25,7,10,12,22
1947,2010-09-22,6,8,10,10
1946,2010-09-18,4,5,11,20
1945,2010-09-15,7,13,17,21
1944,2010-09-11,4,7,11,13
1943,2010-09-08,2,2,3,7
1942,2010-09-04,9,12,14,25
1941,2010-09-01,5,5,13,24
1940,2010-08-28,6,8,14,23
1939,2010-08-25,9,9,10,11
1938,2010-08-21,6,20,32,39
1937,2010-08-18,3,10,12,16
1936,2010-08-14,5,9,11,28
1935,2010-08-11,4,4,7,12
1934,2010-08-07,1,3,8,11
1933,2010-08-04,9,14,21,27
1932,2010-07-31,7,7,12,14
1931,2010-07-28,2,4,5,6
1930,2010-07-24,8,10,12,15
1929,2010-07-21,3,5,7,16
1928,2010-07-17,4,5,18,30
1927,2010-07-14,6,7,10,17
1926,2010-07-10,6,8,12,17
1925,2010-07-07,4,9,19,32
1924,2010-07-03,5,5,8,17
1923,2010-06-30,5,8,9,18
1922,2010-06-26,2,3,5,7
1921,2010-06-23,7,8,10,13
1920,2010-06-19,8,15,18,20
1919,2010-06-16,7,7,8,11
1918,2010-06-12,4,8,13,40
1917,2010-06-09,10,10,13,19
1916,2010-06-05,3,6,7,21
1915,2010-06-02,5,6,9,11
1914,2010-05-29,2,3,6,8
1913,2010-05-26,4,4,11,12
1912,2010-05-22,9,16,20,24
1911,2010-05-19,3,4,7,8
1910,2010-05-15,5,8,10,13
1909,2010-05-12,7,10,13,14
1908,2010-05-08,5,7,7,20
1907,2010-05-05,8,8,12,13
1906,2010-05-01,9,10,18,19
1905,2010-04-28,4,14,14,15
1904,2010-04-24,2,9,21,26
1903,2010-04-21,9,13,14,18
1902,2010-04-17,4,6,9,16
1901,2010-04-14,8,10,12,20
1900,2010-04-10,6,8,14,18
1899,2010-04-07,2,3,5,48
1898,2010-04-03,3,6,10,11
1897,2010-03-31,5,7,8,8
1896,2010-03-27,7,10,13,14
1895,2010-03-24,9,17,19,51
1894,2010-03-20,1,3,4,7
1893,2010-03-17,4,7,8,19
1892,2010-03-13,8,9,11,13
1891,2010-03-10,6,9,10,11
1890,2010-03-06,7,13,15,28
1889,2010-03-03,5,7,8,13
1888,2010-02-27,9,11,16,17
1887,2010-02-24,4,5,10,11
1886,2010-02-20,6,11,16,17
1885,2010-02-17,10,11,20,21
1884,2010-02-13,8,12,20,33
1883,2010-02-10,10,11,11,17
1882,2010-02-06,4,5,10,24
1881,2010-02-03,1,3,13,14
1880,2010-01-30,1,5,7,7
1879,2010-01-27,5,6,12,14
1878,2010-01-23,10,16,17,20
1877,2010-01-20,6,7,22,30
1876,2010-01-16,2,7,9,31
1875,2010-01-13,4,6,10,16
1874,2010-01-09,4,6,13,24
1873,2010-01-06,5,7,10,36
1872,2010-01-02,2,2,3,7
1871,2009-12-30,5,7,11,12
1870,2009-12-26,4,8,9,9
1869,2009-12-23,11,15,20,28
1868,2009-12-19,5,8,13,21
1867,2009-12-16,4,14,32,73
1866,2009-12-12,3,4,6,6
1865,2009-12-09,6,7,12,23
1864,2009-12-05,4,4,9,12
1863,2009-12-02,4,5,10,19
1862,2009-11-28,12,19,22,22
1861,2009-11-25,4,5,8,21
1860,2009-11-21,4,4,10,12
1859,2009-11-18,4,5,5,7
1858,2009-11-14,7,8,8,11
1857,2009-11-11,3,3,4,18
1856,2009-11-07,2,5,11,20
1855,2009-11-04,7,14,20,22
1854,2009-10-31,2,3,15,18
1853,2009-10-28,4,7,8,12
1852,2009-10-24,4,10,13,18
1851,2009-10-21,4,7,9,13
1850,2009-10-17,3,4,4,7
1849,2009-10-14,5,12,12,25
1848,2009-10-10,7,11,15,22
1847,2009-10-07,4,4,5,24
1846,2009-10-03,2,3,7,27
1845,2009-09-30,4,5,7,9
1844,2009-09-26,6,10,10,18
1843,2009-09-23,3,3,21,25
1842,2009-09-19,11,12,20,32
1841,2009-09-16,10,10,16,18
1840,2009-09-12,7,8,11,49
1839,2009-09-09,7,7,11,20
1838,2009-09-05,3,7,8,12
1837,2009-09-02,5,7,12,22
1836,2009-08-29,2,2,3,15
1835,2009-08-26,4,5,10,14
1834,2009-08-22,12,14,19,42
1833,2009-08-19,4,5,6,13
1832,2009-08-15,2,5,8,10
1831,2009-08-12,5,11,14,15
1830,2009-08-08,3,6,16,17
1829,2009-08-05,4,6,21,23
1828,2009-08-01,5,8,10,15
1827,2009-07-29,2,3,5,6
1826,2009-07-25,6,7,18,24
1825,2009-07-22,4,5,11,24
1824,2009-07-18,6,8,9,9
1823,2009-07-15,7,8,13,15
1822,2009-07-11,6,6,12,43
1821,2009-07-08,5,10,26,33
1820,2009-07-04,8,9,9,10
1819,2009-07-01,2,2,8,13
1818,2009-06-27,5,6,9,10
1817,2009-06-24,5,9,10,12
1816,2009-06-20,5,9,17,19
1815,2009-06-17,4,6,8,13
1814,2009-06-13,9,11,16,33
1813,2009-06-10,4,5,10,17
1812,2009-06-06,12,12,17,31
1811,2009-06-03,4,6,7,9
1810,2009-05-30,4,10,17,18
1809,2009-05-27,7,7,9,10
1808,2009-05-23,5,7,9,18
1807,2009-05-20,3,4,8,9
1806,2009-05-16,1,2,3,19
1805,2009-05-13,4,8,11,15
1804,2009-05-09,9,10,11,13
1803,2009-05-06,6,6,9,17
1802,2009-05-02,7,10,22,34
1801,2009-04-29,4,5,9,16
1800,2009-04-25,7,9,12,18
1799,2009-04-22,3,5,10,14
1798,2009-04-18,3,6,7,13
1797,2009-04-15,7,0,8,8
1796,2009-04-11,4,7,9,16
1795,2009-04-08,8,10,12,13
1794,2009-04-04,6,12,16,32
1793,2009-04-01,3,9,9,19
1792,2009-03-28,7,12,19,27
1791,2009-03-25,5,14,17,22
1790,2009-03-21,4,7,8,10
1789,2009-03-18,5,6,10,17
1788,2009-03-14,4,4,13,13
1787,2009-03-11,8,9,13,15
1786,2009-03-07,5,8,27,40
1785,2009-03-04,8,8,9,13
1784,2009-02-28,5,6,13,13
1783,2009-02-25,4,6,12,28
1782,2009-02-21,6,7,11,26
1781,2009-02-18,5,8,13,18
1780,2009-02-14,4,7,12,24
1779,2009-02-11,7,9,10,13
1778,2009-02-07,4,5,11,16
1777,2009-02-04,5,17,19,30
1776,2009-01-31,11,18,21,29
1775,2009-01-28,6,8,18,22
1774,2009-01-24,2,4,8,10
1773,2009-01-21,9,10,11,12
1772,2009-01-17,3,7,8,15
1771,2009-01-14,4,4,5,10
1770,2009-01-10,2,5,9,15
1769,2009-01-07,4,14,22,29
1768,2009-01-03,4,5,9,10
1767,2008-12-31,6,13,15,15
1766,2008-12-27,6,7,14,16
1765,2008-12-24,4,6,6,12
1764,2008-12-20,2,6,13,13
1763,2008-12-17,5,7,7,29
1762,2008-12-13,2,3,6,7
1761,2008-12-10,7,9,14,17
1760,2008-12-06,12,13,14,14
1759,2008-12-03,8,10,11,14
1758,2008-11-29,7,9,9,13
1757,2008-11-26,7,12,13,18
1756,2008-11-22,3,7,8,28
1755,2008-11-19,3,7,10,14
1754,2008-11-15,3,4,5,15
1753,2008-11-12,6,9,17,36
1752,2008-11-08,11,21,26,30
1751,2008-11-05,2,3,11,24
1750,2008-11-01,10,13,17,43
1749,2008-10-29,6,7,8,21
1748,2008-10-25,10,10,11,14
1747,2008-10-22,2,8,15,27
1746,2008-10-18,4,4,6,11
1745,2008-10-15,2,3,8,10
1744,2008-10-11,9,14,14,15
1743,2008-10-08,9,13,15,29
1742,2008-10-04,3,3,11,21
1741,2008-10-01,5,5,8,12
1740,2008-09-27,3,5,13,26
1739,2008-09-24,5,6,12,15
1738,2008-09-20,2,3,5,14
1737,2008-09-17,6,7,11,14
1736,2008-09-13,6,15,32,35
1735,2008-09-10,3,6,9,23
1734,2008-09-06,2,3,6,13
1733,2008-09-03,6,8,15,18
1732,2008-08-30,10,15,23,26
1731,2008-08-27,3,4,6,14
1730,2008-08-23,3,5,15,17
1729,2008-08-20,7,11,11,24
1728,2008-08-16,6,8,10,18
1727,2008-08-13,6,11,14,20
1726,2008-08-09,2,3,6,8
1725,2008-08-06,2,8,9,18
1724,2008-08-02,5,11,12,13
1723,2008-07-30,3,4,7,12
1722,2008-07-26,8,19,24,30
1721,2008-07-23,5,7,10,16
1720,2008-07-19,1,6,16,24
1719,2008-07-16,6,8,12,13
1718,2008-07-12,9,10,16,20
1717,2008-07-09,8,8,12,12
1716,2008-07-05,1,7,13,13
1715,2008-07-02,5,5,12,28
1714,2008-06-28,0,0,2,2
1713,2008-06-25,3,5,6,9
1712,2008-06-21,6,8,12,15
1711,2008-06-18,5,8,9,22
1710,2008-06-14,10,12,14,14
1709,2008-06-11,14,17,18,22
1708,2008-06-07,7,8,11,27
1707,2008-06-04,5,5,9,15
1706,2008-05-31,6,6,10,26
1705,2008-05-28,6,7,12,14
1704,2008-05-24,10,10,13,26
1703,2008-05-21,3,4,9,13
1702,2008-05-17,4,5,7,21
1701,2008-05-14,8,8,15,16
1700,2008-05-10,3,3,19,31
1699,2008-05-07,4,5,7,25
1698,2008-05-03,11,12,13,55
1697,2008-04-30,4,6,7,9
1696,2008-04-26,6,7,18,19
1695,2008-04-23,7,8,12,31
1694,2008-04-19,5,8,11,26
1693,2008-04-16,5,8,10,16
1692,2008-04-12,8,10,17,20
1691,2008-04-09,3,3,4,9
1690,2008-04-05,3,8,15,21
1689,2008-04-02,7,7,12,34
1688,2008-03-29,4,4,5,18
1687,2008-03-26,3,4,5,8
1686,2008-03-22,8,9,10,10
1685,2008-03-19,6,18,21,23
1684,2008-03-15,4,6,8,10
1683,2008-03-12,7,7,16,22
1682,2008-03-08,5,7,8,9
1681,2008-03-05,5,6,10,22
1680,2008-03-01,6,7,10,15
1679,2008-02-27,2,4,8,16
1678,2008-02-23,5,6,7,12
1677,2008-02-20,7,7,9,19
1676,2008-02-16,8,11,17,28
1675,2008-02-13,9,9,10,14
1674,2008-02-09,2,3,5,21
1673,2008-02-06,7,8,10,11
1672,2008-02-02,3,6,7,10
1671,2008-01-30,4,8,13,14
1670,2008-01-26,9,18,30,32
1669,2008-01-23,9,13,13,24
1668,2008-01-19,2,12,17,19
1667,2008-01-16,7,8,9,9
1666,2008-01-12,5,6,7,14
1665,2008-01-09,2,3,16,40
1664,2008-01-05,9,10,10,30
1663,2008-01-02,5,6,8,19
1662,2007-12-29,4,8,12,14
1661,2007-12-26,8,13,16,24
1660,2007-12-22,3,9,15,19
1659,2007-12-19,8,8,12,18
1658,2007-12-15,2,5,6,9
1657,2007-12-12,6,10,10,13
1656,2007-12-08,2,10,17,21
1655,2007-12-05,2,5,7,9
1654,2007-12-01,6,8,14,21
1653,2007-11-28,2,3,3,6
1652,2007-11-24,3,5,10,13
1651,2007-11-21,7,9,10,19
1650,2007-11-17,7,14,34,53
1649,2007-11-14,12,12,13,23
1648,2007-11-10,3,6,7,14
1647,2007-11-07,5,6,10,32
1646,2007-11-03,6,7,8,25
1645,2007-10-31,2,5,6,15
1644,2007-10-27,6,9,12,27
1643,2007-10-24,5,6,7,12
1642,2007-10-20,7,13,19,25
1641,2007-10-17,4,5,6,16
1640,2007-10-13,7,12,14,28
1639,2007-10-10,6,6,12,25
1638,2007-10-06,8,9,14,17
1637,2007-10-03,3,8,10,12
1636,2007-09-29,5,5,5,6
1635,2007-09-26,6,7,7,9
1634,2007-09-22,2,2,9,21
1633,2007-09-19,8,9,14,15
1632,2007-09-15,4,5,10,25
1631,2007-09-12,5,7,7,10
1630,2007-09-08,7,8,8,32
1629,2007-09-05,2,2,9,32
1628,2007-09-01,6,8,17,26
1627,2007-08-29,5,6,9,28
1626,2007-08-25,12,12,14,15
1625,2007-08-22,6,8,21,25
1624,2007-08-18,6,10,11,30
1623,2007-08-15,4,7,7,13
1622,2007-08-11,2,3,15,15
1621,2007-08-08,6,6,7,41
1620,2007-08-04,3,4,5,9
1619,2007-08-01,4,10,10,14
1618,2007-07-28,10,10,22,30
1617,2007-07-25,7,12,17,22
1616,2007-07-21,5,8,10,10
1615,2007-07-18,6,8,11,12
1614,2007-07-14,1,3,4,9
1613,2007-07-11,5,12,14,18
1612,2007-07-07,3,7,11,14
1611,2007-07-04,3,5,13,20
1610,2007-06-30,4,6,7,26
1609,2007-06-27,7,10,14,18
1608,2007-06-23,2,4,9,11
1607,2007-06-20,5,6,6,14
1606,2007-06-16,4,14,14,20
1605,2007-06-13,3,5,6,25
1604,2007-06-09,7,10,12,30
1603,2007-06-06,2,3,12,17
1602,2007-06-02,7,7,8,9
1601,2007-05-30,8,10,14,17
1600,2007-05-26,2,6,8,24
1599,2007-05-23,3,6,14,27
1598,2007-05-19,5,6,16,29
1597,2007-05-16,4,7,14,18
1596,2007-05-12,5,9,19,21
1595,2007-05-09,11,12,12,25
1594,2007-05-05,5,15,20,25
1593,2007-05-02,4,12,16,22
1592,2007-04-28,5,7,12,17
1591,2007-04-25,3,3,5,6
1590,2007-04-21,2,3,8,10
1589,2007-04-18,12,13,16,30
1588,2007-04-14,2,3,5,5
1587,2007-04-11,2,3,3,5
1586,2007-04-07,3,5,5,34
1585,2007-04-04,9,10,11,14
1584,2007-03-31,12,24,29,44
1583,2007-03-28,3,8,19,30
1582,2007-03-24,3,4,5,6
1581,2007-03-21,3,8,9,19
1580,2007-03-17,4,9,10,17
1579,2007-03-14,3,5,6,8
1578,2007-03-10,3,6,12,17
1577,2007-03-07,8,11,17,44
1576,2007-03-03,8,10,15,21
1575,2007-02-28,3,8,9,13
1574,2007-02-24,4,7,10,14
1573,2007-02-21,6,9,12,12
1572,2007-02-17,10,16,18,28
1571,2007-02-14,6,8,12,20
1570,2007-02-10,2,4,8,12
1569,2007-02-07,2,4,9,11
1568,2007-02-03,4,4,5,8
1567,2007-01-31,4,9,9,13
1566,2007-01-27,1,2,5,13
1565,2007-01-24,8,10,15,25
1564,2007-01-20,17,18,18,27
1563,2007-01-17,3,6,12,18
1562,2007-01-13,5,7,12,17
1561,2007-01-10,8,9,18,18
1560,2007-01-06,4,6,14,16
1559,2007-01-03,6,7,10,10
1558,2006-12-30,6,6,11,12
1557,2006-12-27,2,3,7,7
1556,2006-12-23,2,7,10,19
1555,2006-12-20,7,8,17,22
1554,2006-12-16,6,9,9,12
1553,2006-12-13,12,14,15,35
1552,2006-12-09,3,6,8,8
1551,2006-12-06,6,9,12,13
1550,2006-12-02,2,2,7,23
1549,2006-11-29,2,5,24,30
1548,2006-11-25,8,10,19,20
1547,2006-11-22,8,13,18,27
1546,2006-11-18,4,5,11,23
1545,2006-11-15,2,10,11,12
1544,2006-11-11,3,4,5,10
1543,2006-11-08,7,7,12,12
1542,2006-11-04,5,7,8,16
1541,2006-11-01,4,6,9,19
1540,2006-10-28,5,14,20,25
1539,2006-10-25,6,8,12,14
1538,2006-10-21,7,8,10,12
1537,2006-10-18,4,5,7,8
1536,2006-10-14,8,10,11,21
1535,2006-10-11,6,7,11,16
1534,2006-10-07,2,3,4,16
1533,2006-10-04,3,5,10,14
1532,2006-09-30,6,9,21,41
1531,2006-09-27,11,13,14,26
1530,2006-09-23,6,7,9,13
1529,2006-09-20,13,25,26,49
1528,2006-09-16,4,6,11,12
1527,2006-09-13,6,9,11,14
1526,2006-09-09,4,8,11,14
1525,2006-09-06,12,13,22,23
1524,2006-09-02,10,13,18,24
1523,2006-08-30,2,3,11,15
1522,2006-08-26,1,3,6,11
1521,2006-08-23,5,7,14,21
1520,2006-08-19,3,3,11,19
1519,2006-08-16,21,22,25,43
1518,2006-08-12,4,4,5,6
1517,2006-08-09,3,7,7,8
1516,2006-08-05,7,8,20,26
1515,2006-08-02,3,4,7,9
1514,2006-07-29,4,5,17,21
1513,2006-07-26,6,12,15,15
1512,2006-07-22,2,4,24,32
1511,2006-07-19,5,6,13,25
1510,2006-07-15,3,3,5,12
1509,2006-07-12,3,5,7,14
1508,2006-07-08,12,12,20,35
1507,2006-07-05,2,3,7,17
1506,2006-07-01,3,6,9,27
1505,2006-06-28,6,9,10,12
1504,2006-06-24,2,2,4,5
1503,2006-06-21,4,6,9,23
1502,2006-06-17,2,3,6,7
1501,2006-06-14,4,4,11,14
1500,2006-06-10,8,10,32,33
1499,2006-06-07,7,8,14,16
1498,2006-06-03,5,12,13,15
1497,2006-05-31,5,6,9,10
1496,2006-05-27,5,7,7,8
1495,2006-05-24,9,11,25,50
1494,2006-05-20,4,4,5,20
1493,2006-05-17,5,6,6,8
1492,2006-05-13,3,11,14,17
1491,2006-05-10,4,7,8,8
1490,2006-05-06,5,6,12,17
1489,2006-05-03,11,12,13,33
1488,2006-04-29,4,6,9,12
1487,2006-04-26,3,4,8,44
1486,2006-04-22,6,9,15,45
1485,2006-04-19,4,6,7,10
1484,2006-04-15,2,3,4,20
1483,2006-04-12,4,9,11,13
1482,2006-04-08,8,12,13,34
1481,2006-04-05,8,9,15,18
1480,2006-04-01,3,4,18,46
1479,2006-03-29,7,9,18,18
1478,2006-03-25,7,10,15,24
1477,2006-03-22,5,6,11,30
1476,2006-03-18,2,4,13,22
1475,2006-03-15,4,7,16,21
1474,2006-03-11,5,6,13,24
1473,2006-03-08,3,6,8,9
1472,2006-03-04,3,4,7,7
1471,2006-03-01,5,5,7,13
1470,2006-02-25,3,3,5,13
1469,2006-02-22,7,14,18,20
1468,2006-02-18,3,3,8,13
1467,2006-02-15,8,10,15,16
1466,2006-02-11,5,6,9,22
1465,2006-02-08,2,4,9,23
1464,2006-02-04,8,8,9,11
1463,2006-02-01,3,3,5,12
1462,2006-01-28,3,4,5,7
1461,2006-01-25,3,4,9,10
1460,2006-01-21,3,7,10,18
1459,2006-01-18,5,5,10,25
1458,2006-01-14,6,7,8,27
1457,2006-01-11,6,7,12,29
1456,2006-01-07,3,8,9,10
1455,2006-01-04,11,18,19,27
1454,2005-12-31,4,6,10,15
1453,2005-12-28,6,8,18,43
1452,2005-12-24,6,7,9,15
1451,2005-12-21,4,5,9,10
1450,2005-12-17,3,4,10,11
1449,2005-12-14,5,11,19,49
1448,2005-12-10,10,14,15,17
1447,2005-12-07,4,6,11,27
1446,2005-12-03,3,8,8,9
1445,2005-11-30,5,17,22,24
1444,2005-11-26,6,8,8,11
1443,2005-11-23,3,4,7,11
1442,2005-11-19,6,9,10,13
1441,2005-11-16,4,10,11,27
1440,2005-11-12,6,8,10,14
1439,2005-11-09,4,9,10,11
1438,2005-11-05,5,6,16,23
1437,2005-11-02,10,12,14,21
1436,2005-10-29,1,5,9,21
1435,2005-10-26,8,10,17,22
1434,2005-10-22,3,8,9,21
1433,2005-10-19,8,10,14,30
1432,2005-10-15,11,21,23,24
1431,2005-10-12,7,8,9,13
1430,2005-10-08,3,4,9,12
1429,2005-10-05,5,5,10,14
1428,2005-10-01,3,8,11,15
1427,2005-09-28,2,7,15,17
1426,2005-09-24,6,7,7,21
1425,2005-09-21,1,3,3,8
1424,2005-09-17,3,5,5,26
1423,2005-09-14,5,6,9,33
1422,2005-09-10,6,7,10,25
1421,2005-09-07,3,7,8,8
1420,2005-09-03,13,15,15,19
1419,2005-08-31,3,4,5,31
1418,2005-08-27,6,7,7,12
1417,2005-08-24,3,6,11,16
1416,2005-08-20,8,9,17,61
1415,2005-08-17,5,6,8,9
1414,2005-08-13,4,4,5,5
1413,2005-08-10,5,8,16,22
1412,2005-08-06,6,11,15,20
1411,2005-08-03,7,15,18,18
1410,2005-07-30,10,12,14,17
1409,2005-07-27,5,7,7,41
1408,2005-07-23,6,12,17,31
1407,2005-07-20,4,5,13,15
1406,2005-07-16,3,8,9,17
1405,2005-07-13,4,5,15,19
1404,2005-07-09,4,6,6,8
1403,2005-07-06,4,6,8,14
1402,2005-07-02,3,8,11,12
1401,2005-06-29,7,13,15,32
1400,2005-06-25,1,2,8,8
1399,2005-06-22,11,12,16,18
1398,2005-06-18,3,8,16,32
1397,2005-06-15,6,8,12,16
1396,2005-06-11,6,8,10,14
1395,2005-06-08,2,6,8,15
1394,2005-06-04,3,7,10,14
1393,2005-06-01,3,7,8,24
1392,2005-05-28,8,16,17,22
1391,2005-05-25,4,9,10,22
1390,2005-05-21,6,9,13,14
1389,2005-05-18,6,8,9,11
1388,2005-05-14,3,4,11,24
1387,2005-05-11,2,5,6,13
1386,2005-05-07,4,4,6,29
1385,2005-05-04,6,8,9,21
1384,2005-04-30,6,11,11,22
1383,2005-04-27,6,9,10,22
1382,2005-04-23,4,4,13,26
1381,2005-04-20,7,8,9,13
1380,2005-04-16,12,22,34,50
1379,2005-04-13,5,6,9,18
1378,2005-04-09,3,4,17,19
1377,2005-04-06,10,12,15,27
1376,2005-04-02,3,4,5,5
1375,2005-03-30,5,5,6,15
1374,2005-03-26,4,8,10,13
1373,2005-03-23,1,2,2,11
1372,2005-03-19,6,9,15,19
1371,2005-03-16,4,6,9,29
1370,2005-03-12,3,4,10,16
1369,2005-03-09,7,9,13,18
1368,2005-03-05,3,4,5,10
1367,2005-03-02,2,4,4,10
1366,2005-02-26,4,8,14,35
1365,2005-02-23,5,7,10,18
1364,2005-02-19,10,16,17,19
1363,2005-02-16,4,4,13,15
1362,2005-02-12,13,13,14,27
1361,2005-02-09,3,4,4,10
1360,2005-02-05,4,6,11,15
1359,2005-02-02,5,7,8,8
1358,2005-01-29,5,9,12,15
1357,2005-01-26,5,7,8,16
1356,2005-01-22,3,4,6,9
1355,2005-01-19,9,13,15,31
1354,2005-01-15,3,6,10,16
1353,2005-01-12,3,8,8,11
1352,2005-01-08,11,12,15,28
1351,2005-01-05,4,7,7,8
1350,2005-01-01,9,11,18,21
1349,2004-12-29,5,11,19,20
1348,2004-12-25,5,13,22,28
1347,2004-12-22,8,11,12,15
1346,2004-12-18,8,10,11,29
1345,2004-12-15,6,7,9,9
1344,2004-12-11,7,13,14,34
1343,2004-12-08,2,20,20,21
1342,2004-12-04,2,3,8,9
1341,2004-12-01,3,5,9,34
1340,2004-11-27,4,7,10,26
1339,2004-11-24,5,7,15,31
1338,2004-11-20,3,4,7,7
1337,2004-11-17,8,9,14,34
1336,2004-11-13,3,5,14,15
1335,2004-11-10,2,2,7,8
1334,2004-11-06,11,14,14,18
1333,2004-11-03,3,6,8,9
1332,2004-10-30,4,7,7,13
1331,2004-10-27,4,5,10,16
1330,2004-10-23,3,8,9,15
1329,2004-10-20,3,4,22,24
1328,2004-10-16,4,6,6,8
1327,2004-10-13,7,8,14,37
1326,2004-10-09,2,3,5,9
1325,2004-10-06,10,13,14,15
1324,2004-10-02,5,7,17,25
1323,2004-09-29,6,7,7,9
1322,2004-09-25,6,15,17,20
1321,2004-09-22,4,10,16,18
1320,2004-09-18,8,9,10,15
1319,2004-09-15,2,3,3,6
1318,2004-09-11,8,9,14,17
1317,2004-09-08,11,13,13,19
1316,2004-09-04,2,3,18,36
1315,2004-09-01,5,6,10,18
1314,2004-08-28,2,5,13,15
1313,2004-08-25,4,4,11,18
1312,2004-08-21,5,6,6,20
1311,2004-08-18,5,7,11,16
1310,2004-08-14,8,8,11,12
1309,2004-08-11,5,7,12,15
1308,2004-08-07,2,7,11,12
1307,2004-08-04,6,11,14,21
1306,2004-07-31,3,4,5,9
1305,2004-07-28,6,7,12,14
1304,2004-07-24,5,14,17,85
1303,2004-07-21,7,8,11,25
1302,2004-07-17,9,14,20,31
1301,2004-07-14,4,7,23,32
1300,2004-07-10,6,9,10,14
1299,2004-07-07,3,6,16,17
1298,2004-07-03,7,7,8,16
1297,2004-06-30,5,12,16,20
1296,2004-06-26,4,7,13,31
1295,2004-06-23,3,6,9,11
1294,2004-06-19,5,12,21,26
1293,2004-06-16,6,9,12,24
1292,2004-06-12,5,5,7,13
1291,2004-06-09,5,16,20,20
1290,2004-06-05,2,3,6,6
1289,2004-06-02,2,5,15,20
1288,2004-05-29,3,4,8,11
1287,2004-05-26,4,6,6,10
1286,2004-05-22,10,13,22,32
1285,2004-05-19,6,7,19,24
1284,2004-05-15,1,2,3,22
1283,2004-05-12,5,8,11,16
1282,2004-05-08,8,8,11,14
1281,2004-05-05,5,9,14,18
1280,2004-05-01,2,5,5,7
1279,2004-04-28,3,3,5,7
1278,2004-04-24,6,6,14,20
1277,2004-04-21,2,4,10,24
1276,2004-04-17,5,7,10,10
1275,2004-04-14,7,12,14,20
1274,2004-04-10,6,7,11,35
1273,2004-04-07,7,16,17,21
1272,2004-04-03,3,6,12,15
1271,2004-03-31,3,10,20,21
1270,2004-03-27,8,8,11,11
1269,2004-03-24,3,5,7,9
1268,2004-03-20,6,10,11,14
1267,2004-03-17,2,5,6,8
1266,2004-03-13,3,6,6,34
1265,2004-03-10,7,8,9,17
1264,2004-03-06,4,5,9,12
1263,2004-03-03,7,9,12,21
1262,2004-02-28,10,10,12,15
1261,2004-02-25,5,5,7,23
1260,2004-02-21,7,8,12,16
1259,2004-02-18,9,10,17,22
1258,2004-02-14,3,3,6,13
1257,2004-02-11,6,7,10,16
1256,2004-02-07,10,12,13,16
1255,2004-02-04,8,10,15,18
1254,2004-01-31,3,5,5,26
1253,2004-01-28,5,6,10,11
1252,2004-01-24,6,8,10,43
1251,2004-01-21,7,8,11,14
1250,2004-01-17,2,2,10,11
1249,2004-01-14,5,9,14,18
1248,2004-01-10,8,12,18,26
1247,2004-01-07,1,12,20,23
1246,2004-01-03,3,4,11,16
1245,2003-12-31,6,6,7,11
1244,2003-12-27,8,8,18,20
1243,2003-12-24,5,7,9,11
1242,2003-12-20,4,5,5,7
1241,2003-12-17,8,9,18,24
1240,2003-12-13,2,7,9,19
1239,2003-12-10,5,10,14,21
1238,2003-12-06,5,6,20,21
1237,2003-12-03,6,7,8,26
1236,2003-11-29,4,7,9,16
1235,2003-11-26,4,5,9,19
1234,2003-11-22,6,7,10,30
1233,2003-11-19,5,8,14,20
1232,2003-11-15,7,9,9,11
1231,2003-11-12,6,14,17,25
1230,2003-11-08,4,6,8,31
1229,2003-11-05,2,4,10,32
1228,2003-11-01,2,3,5,16
1227,2003-10-29,5,9,10,11
1226,2003-10-25,8,8,10,14
1225,2003-10-22,3,4,11,22
1224,2003-10-18,5,9,11,15
1223,2003-10-15,7,22,22,28
1222,2003-10-11,2,2,11,12
1221,2003-10-08,4,5,11,19
1220,2003-10-04,10,15,15,24
1219,2003-10-01,6,13,14,17
1218,2003-09-27,6,8,12,26
1217,2003-09-24,2,2,3,5
1216,2003-09-20,3,5,7,15
1215,2003-09-17,7,11,15,21
1214,2003-09-13,3,4,6,11
1213,2003-09-10,5,15,17,22
1212,2003-09-06,9,10,15,17
1211,2003-09-03,4,4,4,7
1210,2003-08-30,4,5,22,27
1209,2003-08-27,8,9,11,25
1208,2003-08-23,2,4,7,9
1207,2003-08-20,3,3,12,28
1206,2003-08-16,6,9,12,17
1205,2003-08-13,7,16,27,33
1204,2003-08-09,16,18,19,23
1203,2003-08-06,2,3,4,10
1202,2003-08-02,4,6,7,8
1201,2003-07-30,5,5,10,13
1200,2003-07-26,4,6,10,20
1199,2003-07-23,2,8,9,12
1198,2003-07-19,8,17,20,21
1197,2003-07-16,5,8,9,22
1196,2003-07-12,6,8,12,13
1195,2003-07-09,3,3,4,4
1194,2003-07-05,4,5,9,23
1193,2003-07-02,9,13,14,15
1192,2003-06-28,5,7,8,24
1191,2003-06-25,9,10,12,22
1190,2003-06-21,4,6,8,21
1189,2003-06-18,3,9,22,25
1188,2003-06-14,5,6,8,15
1187,2003-06-11,12,12,15,25
1186,2003-06-07,4,10,16,48
1185,2003-06-04,2,6,13,25
1184,2003-05-31,3,3,5,7
1183,2003-05-28,7,8,9,15
1182,2003-05-24,5,6,9,17
1181,2003-05-21,11,12,16,31
1180,2003-05-17,3,23,27,29
1179,2003-05-14,5,6,8,17
1178,2003-05-10,4,4,5,10
1177,2003-05-07,3,5,7,9
1176,2003-05-03,9,10,11,15
1175,2003-04-30,3,4,5,11
1174,2003-04-26,7,17,19,21
1173,2003-04-23,4,8,9,24
1172,2003-04-19,6,6,10,14
1171,2003-04-16,8,10,11,18
1170,2003-04-12,6,9,19,34
1169,2003-04-09,3,7,16,27
1168,2003-04-05,5,9,11,13
1167,2003-04-02,3,5,8,15
1166,2003-03-29,15,20,25,28
1165,2003-03-26,2,7,7,15
1164,2003-03-22,3,5,5,6
1163,2003-03-19,6,11,17,28
1162,2003-03-15,4,6,8,41
1161,2003-03-12,4,5,7,11
1160,2003-03-08,4,5,5,38
1159,2003-03-05,12,12,13,18
1158,2003-03-01,10,10,17,24
1157,2003-02-26,2,5,6,26
1156,2003-02-22,4,7,11,22
1155,2003-02-19,2,3,3,18
1154,2003-02-15,5,6,7,14
1153,2003-02-12,4,6,10,19
1152,2003-02-08,7,8,14,35
1151,2003-02-05,3,6,6,9
1150,2003-02-01,13,17,20,31
1149,2003-01-29,4,5,7,15
1148,2003-01-25,4,9,23,25
1147,2003-01-22,4,5,5,6
1146,2003-01-18,3,4,6,21
1145,2003-01-15,6,8,9,19
1144,2003-01-11,4,5,9,20
1143,2003-01-08,6,7,10,12
1142,2003-01-04,3,3,4,14
1141,2003-01-01,8,10,11,12
1140,2002-12-28,5,6,7,21
1139,2002-12-25,4,7,10,13
1138,2002-12-21,4,7,9,17
1137,2002-12-18,7,9,10,15
1136,2002-12-14,3,3,4,8
1135,2002-12-11,5,9,11,25
1134,2002-12-07,4,6,11,16
1133,2002-12-04,11,12,27,27
1132,2002-11-30,8,9,14,15
1131,2002-11-27,5,6,8,11
1130,2002-11-23,3,9,10,11
1129,2002-11-20,5,6,19,23
1128,2002-11-16,5,6,20,25
1127,2002-11-13,7,13,15,30
1126,2002-11-09,6,10,13,14
1125,2002-11-06,4,5,8,10
1124,2002-11-02,9,11,12,21
1123,2002-10-30,4,7,8,13
1122,2002-10-26,6,7,9,13
1121,2002-10-23,6,7,9,22
1120,2002-10-19,3,11,15,15
1119,2002-10-16,7,11,16,21
1118,2002-10-12,5,6,8,11
1117,2002-10-09,10,13,13,17
1116,2002-10-05,5,5,5,7
1115,2002-10-02,1,4,6,16
1114,2002-09-28,4,8,17,22
1113,2002-09-25,5,9,12,15
1112,2002-09-21,9,14,14,34
1111,2002-09-18,9,9,11,23
1110,2002-09-14,4,5,16,19
1109,2002-09-11,2,2,8,13
1108,2002-09-07,6,7,12,18
1107,2002-09-04,4,11,17,24
1106,2002-08-31,12,19,21,28
1105,2002-08-28,3,5,11,12
1104,2002-08-24,4,5,7,11
1103,2002-08-21,4,4,8,17
1102,2002-08-17,9,9,10,27
1101,2002-08-14,2,3,8,12
1100,2002-08-10,8,11,13,13
1099,2002-08-07,4,14,19,26
1098,2002-08-03,12,14,15,27
1097,2002-07-31,2,2,6,18
1096,2002-07-27,4,10,15,23
1095,2002-07-24,5,9,10,15
1094,2002-07-20,5,5,6,13
1093,2002-07-17,3,3,5,9
1092,2002-07-13,4,8,10,10
1091,2002-07-10,9,15,15,17
1090,2002-07-06,4,10,11,25
1089,2002-07-03,8,10,17,18
1088,2002-06-29,2,3,12,14
1087,2002-06-26,3,5,6,8
1086,2002-06-22,4,6,11,14
1085,2002-06-19,3,4,7,8
1084,2002-06-15,9,17,22,33
1083,2002-06-12,5,6,9,11
1082,2002-06-08,7,8,10,12
1081,2002-06-05,4,8,11,42
1080,2002-06-01,5,9,12,21
1079,2002-05-29,8,12,12,13
1078,2002-05-25,2,3,4,13
1077,2002-05-22,8,9,11,17
1076,2002-05-18,13,15,15,22
1075,2002-05-15,7,9,11,20
1074,2002-05-11,5,7,11,24
1073,2002-05-08,5,15,17,39
1072,2002-05-04,7,8,10,13
1071,2002-05-01,4,5,5,8
1070,2002-04-27,11,14,14,19
1069,2002-04-24,4,10,11,22
1068,2002-04-20,3,6,8,8
1067,2002-04-17,7,10,16,20
1066,2002-04-13,6,9,11,17
1065,2002-04-10,3,3,9,15
1064,2002-04-06,3,6,7,19
1063,2002-04-03,4,11,13,18
1062,2002-03-30,4,7,8,26
1061,2002-03-27,15,18,31,42
1060,2002-03-23,5,6,7,25
1059,2002-03-20,8,10,12,12
1058,2002-03-16,2,3,3,6
1057,2002-03-13,13,15,16,44
1056,2002-03-09,14,18,20,21
1055,2002-03-06,2,2,6,12
1054,2002-03-02,3,13,13,23
1053,2002-02-27,1,3,5,10
1052,2002-02-23,5,6,7,16
1051,2002-02-20,3,3,14,17
1050,2002-02-16,4,8,9,26
1049,2002-02-13,4,7,9,16
1048,2002-02-09,4,5,7,9
1047,2002-02-06,3,9,15,19
1046,2002-02-02,3,4,16,23
1045,2002-01-30,5,7,8,10
1044,2002-01-26,7,11,12,12
1043,2002-01-23,4,6,13,16
1042,2002-01-19,6,7,8,14
1041,2002-01-16,3,4,4,13
1040,2002-01-12,6,7,21,31
1039,2002-01-09,5,9,12,29
1038,2002-01-05,5,5,8,18
1037,2002-01-02,11,17,18,21
1036,2001-12-29,3,4,5,7
1035,2001-12-26,7,7,14,33
1034,2001-12-22,10,12,17,17
1033,2001-12-19,5,6,9,11
1032,2001-12-15,5,6,6,11
1031,2001-12-12,6,7,9,19
1030,2001-12-08,3,5,6,23
1029,2001-12-05,4,6,15,19
1028,2001-12-01,5,10,19,22
1027,2001-11-28,6,9,24,67
1026,2001-11-24,6,7,12,12
1025,2001-11-21,3,16,17,19
1024,2001-11-17,4,5,8,9
1023,2001-11-14,6,6,9,12
1022,2001-11-10,7,11,13,14
1021,2001-11-07,5,6,7,10
1020,2001-11-03,9,10,12,12
1019,2001-10-31,1,3,6,6
1018,2001-10-27,3,6,14,17
1017,2001-10-24,4,10,10,16
1016,2001-10-20,3,5,15,30
1015,2001-10-17,6,10,30,33
1014,2001-10-13,4,10,11,14
1013,2001-10-10,7,9,15,23
1012,2001-10-06,5,10,12,13
1011,2001-10-03,11,13,13,26
1010,2001-09-29,5,8,11,18
1009,2001-09-26,4,7,20,26
1008,2001-09-22,5,5,7,15
1007,2001-09-19,7,9,11,16
1006,2001-09-15,4,13,24,30
1005,2001-09-12,4,11,15,16
1004,2001-09-08,4,8,9,13
1003,2001-09-05,4,6,14,19
1002,2001-09-01,6,7,8,10
1001,2001-08-29,7,8,10,14
1000,2001-08-25,6,8,8,20
999,2001-08-22,3,4,8,12
998,2001-08-18,2,5,23,24
997,2001-08-15,14,16,16,24
996,2001-08-11,1,3,8,12
995,2001-08-08,5,7,11,21
994,2001-08-04,4,6,13,20
993,2001-08-01,3,5,7,21
992,2001-07-28,14,20,30,32
991,2001-07-25,3,5,9,12
990,2001-07-21,3,4,5,17
989,2001-07-18,11,12,15,23
988,2001-07-14,2,3,16,16
987,2001-07-11,3,10,11,36
986,2001-07-07,3,4,4,13
985,2001-07-04,5,7,10,15
984,2001-06-30,3,4,5,19
983,2001-06-27,3,4,6,8
982,2001-06-23,7,8,16,27
981,2001-06-20,3,13,18,38
980,2001-06-16,2,12,14,16
979,2001-06-13,9,9,11,21
978,2001-06-09,4,9,11,23
977,2001-06-06,2,6,20,23
976,2001-06-02,6,9,12,32
975,2001-05-30,7,13,14,26
974,2001-05-26,8,11,13,31
973,2001-05-23,2,6,6,7
972,2001-05-19,2,0,3,3
971,2001-05-16,12,12,13,18
970,2001-05-12,2,3,6,40
969,2001-05-09,7,7,9,12
968,2001-05-05,3,3,12,13
967,2001-05-02,4,4,27,28
966,2001-04-28,3,7,12,18
965,2001-04-25,7,10,18,25
964,2001-04-21,5,8,10,15
963,2001-04-18,2,3,5,6
962,2001-04-14,6,11,13,16
961,2001-04-11,6,7,9,10
960,2001-04-07,3,4,8,22
959,2001-04-04,10,18,19,20
958,2001-03-31,2,8,14,14
957,2001-03-28,14,18,25,28
956,2001-03-24,3,4,11,14
955,2001-03-21,4,5,6,8
954,2001-03-17,1,3,4,10
953,2001-03-14,3,15,25,27
952,2001-03-10,6,7,8,10
951,2001-03-07,5,10,24,27
950,2001-03-03,2,2,3,15
949,2001-02-28,6,8,18,19
948,2001-02-24,3,3,9,14
947,2001-02-21,3,5,13,17
946,2001-02-17,11,15,21,26
945,2001-02-14,7,7,12,18
944,2001-02-10,3,4,7,8
943,2001-02-07,5,12,15,16
942,2001-02-03,3,5,5,9
941,2001-01-31,5,6,15,26
940,2001-01-27,5,6,7,19
939,2001-01-24,8,11,19,29
938,2001-01-20,2,3,6,6
937,2001-01-17,3,8,10,19
936,2001-01-13,3,4,7,10
935,2001-01-10,16,16,18,21
934,2001-01-06,2,4,21,22
933,2001-01-03,6,9,14,15
932,2000-12-30,3,0,9,9
931,2000-12-27,4,6,27,37
930,2000-12-23,5,6,8,16
929,2000-12-20,6,6,8,9
928,2000-12-16,9,9,10,21
927,2000-12-13,4,13,17,19
926,2000-12-09,2,5,5,32
925,2000-12-06,4,7,13,17
924,2000-12-02,7,9,14,19
923,2000-11-29,5,6,6,15
922,2000-11-25,8,9,10,13
921,2000-11-22,6,10,22,33
920,2000-11-18,4,8,8,17
919,2000-11-15,3,12,19,28
918,2000-11-11,2,5,8,8
917,2000-11-08,3,6,11,15
916,2000-11-04,9,9,11,20
915,2000-11-01,7,9,14,18
914,2000-10-28,3,5,9,18
913,2000-10-25,8,8,9,15
912,2000-10-21,6,10,10,41
911,2000-10-18,2,8,12,14
910,2000-10-14,4,6,12,25
909,2000-10-11,6,8,12,17
908,2000-10-07,2,6,11,21
907,2000-10-04,6,8,26,39
906,2000-09-30,3,6,6,10
905,2000-09-27,4,7,10,14
904,2000-09-23,4,6,7,17
903,2000-09-20,3,7,8,14
902,2000-09-16,15,17,19,33
901,2000-09-13,3,5,11,17
900,2000-09-09,6,8,11,11
899,2000-09-06,7,8,8,14
898,2000-09-02,6,7,9,10
897,2000-08-30,5,5,7,13
896,2000-08-26,3,7,17,26
895,2000-08-23,2,6,12,13
894,2000-08-19,7,12,16,16
893,2000-08-16,3,6,16,20
892,2000-08-12,6,8,11,12
891,2000-08-09,10,11,15,15
890,2000-08-05,4,7,8,29
889,2000-08-02,6,7,9,14
888,2000-07-29,3,5,6,12
887,2000-07-26,12,14,16,22
886,2000-07-22,9,9,17,58
885,2000-07-19,4,6,7,40
884,2000-07-15,4,5,5,8
883,2000-07-12,9,17,19,20
882,2000-07-08,4,4,8,10
881,2000-07-05,5,8,10,16
880,2000-07-01,9,19,20,31
879,2000-06-28,5,8,9,23
878,2000-06-24,4,6,15,30
877,2000-06-21,6,9,9,10
876,2000-06-17,8,9,15,35
875,2000-06-14,10,13,20,28
874,2000-06-10,2,4,5,7
873,2000-06-07,7,10,14,15
872,2000-06-03,6,7,9,15
871,2000-05-31,2,2,3,3
870,2000-05-27,6,6,11,13
869,2000-05-24,15,16,26,34
868,2000-05-20,8,10,15,16
867,2000-05-17,2,3,8,14
866,2000-05-13,5,5,9,17
865,2000-05-10,3,5,6,6
864,2000-05-06,4,7,13,14
863,2000-05-03,5,5,6,18
862,2000-04-29,6,7,9,10
861,2000-04-26,7,8,11,20
860,2000-04-22,3,4,4,29
859,2000-04-19,5,11,13,23
858,2000-04-15,3,4,9,10
857,2000-04-12,12,18,18,23
856,2000-04-08,4,12,12,14
855,2000-04-05,4,5,5,8
854,2000-04-01,6,0,14,14
853,2000-03-29,2,3,4,5
852,2000-03-25,3,5,6,10
851,2000-03-22,5,8,12,51
850,2000-03-18,7,12,18,18
849,2000-03-15,7,8,9,27
848,2000-03-11,8,10,26,26
847,2000-03-08,3,7,19,20
846,2000-03-04,5,9,10,16
845,2000-03-01,3,7,8,20
844,2000-02-26,5,7,14,24
843,2000-02-23,4,8,21,28
842,2000-02-19,5,8,14,42
841,2000-02-16,6,11,13,27
840,2000-02-12,7,8,9,13
839,2000-02-09,3,5,6,18
838,2000-02-05,2,3,11,27
837,2000-02-02,5,6,6,10
836,2000-01-29,7,8,22,23
835,2000-01-26,3,4,10,19
834,2000-01-22,8,9,15,17
833,2000-01-19,7,9,10,15
832,2000-01-15,2,3,6,24
831,2000-01-12,4,6,15,23
830,2000-01-08,6,7,12,32
829,2000-01-05,3,5,12,18
828,2000-01-01,4,8,8,16
827,1999-12-29,3,6,7,14
826,1999-12-25,8,10,10,16
825,1999-12-22,3,5,6,6
824,1999-12-18,3,3,9,11
823,1999-12-15,12,12,17,27
822,1999-12-11,3,5,10,51
821,1999-12-08,4,6,11,14
820,1999-12-04,2,3,6,12
819,1999-12-01,9,14,14,16
818,1999-11-27,9,10,11,13
817,1999-11-24,2,3,8,33
816,1999-11-20,7,9,13,24
815,1999-11-17,6,8,12,17
814,1999-11-13,6,8,14,26
813,1999-11-10,1,4,11,17
812,1999-11-06,3,6,16,22
811,1999-11-03,7,9,14,17
810,1999-10-30,7,9,10,16
809,1999-10-27,3,5,8,23
808,1999-10-23,4,6,13,19
807,1999-10-20,18,18,26,39
806,1999-10-16,3,4,13,14
805,1999-10-13,6,6,12,36
804,1999-10-09,3,4,6,7
803,1999-10-06,9,13,15,40
802,1999-10-02,3,4,5,15
801,1999-09-29,4,6,11,21
800,1999-09-25,2,6,6,14
799,1999-09-22,3,4,7,31
798,1999-09-18,8,13,18,19
797,1999-09-15,13,14,15,18
796,1999-09-11,2,3,5,6
795,1999-09-08,9,11,13,22
794,1999-09-04,3,3,4,12
793,1999-09-01,4,8,8,35
792,1999-08-28,5,6,7,13
791,1999-08-25,3,3,13,29
790,1999-08-21,3,5,8,20
789,1999-08-18,11,12,12,14
788,1999-08-14,2,5,10,11
787,1999-08-11,4,14,23,27
786,1999-08-07,2,5,10,16
785,1999-08-04,6,8,9,14
784,1999-07-31,4,4,10,11
783,1999-07-28,3,3,4,5
782,1999-07-24,8,10,10,15
781,1999-07-21,7,8,11,11
780,1999-07-17,4,6,9,18
779,1999-07-14,16,19,37,42
778,1999-07-10,3,3,11,21
777,1999-07-07,2,3,5,25
776,1999-07-03,9,9,15,27
775,1999-06-30,3,3,4,10
774,1999-06-26,10,14,16,20
773,1999-06-23,4,9,9,10
772,1999-06-19,6,6,14,24
771,1999-06-16,2,5,6,9
770,1999-06-12,3,4,8,9
769,1999-06-09,4,10,18,27
768,1999-06-05,11,13,15,33
767,1999-06-02,5,5,6,11
766,1999-05-29,3,5,7,9
765,1999-05-26,7,10,12,20
764,1999-05-22,5,5,9,20
763,1999-05-19,8,12,25,29
762,1999-05-15,2,3,9,14
761,1999-05-12,4,7,10,12
760,1999-05-08,7,10,14,38
759,1999-05-05,3,5,9,34
758,1999-05-01,6,7,8,8
757,1999-04-28,4,7,8,21
756,1999-04-24,4,9,13,14
755,1999-04-21,5,7,8,16
754,1999-04-17,3,9,14,23
753,1999-04-14,5,6,6,9
752,1999-04-10,12,12,18,27
751,1999-04-07,8,14,30,51
750,1999-04-03,4,5,12,15
749,1999-03-31,3,4,10,20
748,1999-03-27,6,11,12,20
747,1999-03-24,6,13,16,28
746,1999-03-20,5,7,10,21
745,1999-03-17,1,2,2,14
744,1999-03-13,3,4,8,10
743,1999-03-10,4,13,15,21
742,1999-03-06,2,4,4,5
741,1999-03-03,8,11,12,15
740,1999-02-27,5,7,19,42
739,1999-02-24,6,7,9,22
738,1999-02-20,3,3,6,10
737,1999-02-17,5,11,14,21
736,1999-02-13,4,5,7,9
735,1999-02-10,8,9,11,12
734,1999-02-06,2,4,6,10
733,1999-02-03,11,11,15,18
732,1999-01-30,5,13,26,37
731,1999-01-27,2,5,14,26
730,1999-01-23,3,5,8,17
729,1999-01-20,4,9,11,13
728,1999-01-16,5,7,11,13
727,1999-01-13,7,8,13,29
726,1999-01-09,8,9,13,29
725,1999-01-06,5,7,9,12
724,1999-01-02,1,3,4,9
723,1998-12-30,4,8,11,24
722,1998-12-26,7,9,14,23
721,1998-12-23,3,11,21,27
720,1998-12-19,7,9,15,22
719,1998-12-16,12,15,20,28
718,1998-12-12,4,7,9,31
717,1998-12-09,3,5,6,8
716,1998-12-05,4,6,10,12
715,1998-12-02,7,10,12,23
714,1998-11-28,6,7,15,16
713,1998-11-25,2,2,3,3
712,1998-11-21,7,11,18,23
711,1998-11-18,2,3,5,10
710,1998-11-14,4,7,7,19
709,1998-11-11,3,4,5,7
708,1998-11-07,4,5,7,17
707,1998-11-04,10,11,17,29
706,1998-10-31,10,11,13,25
705,1998-10-28,3,6,17,33
704,1998-10-24,2,3,10,15
703,1998-10-21,3,6,13,28
702,1998-10-17,2,6,9,12
701,1998-10-14,4,11,13,28
700,1998-10-10,6,16,26,31
699,1998-10-07,4,5,10,15
698,1998-10-03,12,13,16,31
697,1998-09-30,2,4,4,10
696,1998-09-26,10,10,14,15
695,1998-09-23,3,6,8,11
694,1998-09-19,4,9,11,30
693,1998-09-16,2,3,5,7
692,1998-09-12,14,15,20,38
691,1998-09-09,4,6,7,10
690,1998-09-05,3,8,11,24
689,1998-09-02,8,9,12,21
688,1998-08-29,3,5,13,14
687,1998-08-26,9,16,17,38
686,1998-08-22,3,4,15,38
685,1998-08-19,2,2,8,25
684,1998-08-15,9,13,16,29
683,1998-08-12,3,3,4,8
682,1998-08-08,6,9,12,18
681,1998-08-05,11,12,16,23
680,1998-08-01,1,3,4,14
679,1998-07-29,2,4,5,8
678,1998-07-25,2,2,8,36
677,1998-07-22,5,9,10,21
676,1998-07-18,4,6,6,39
675,1998-07-15,2,13,13,22
674,1998-07-11,7,14,16,19
673,1998-07-08,7,10,12,16
672,1998-07-04,5,8,8,11
671,1998-07-01,3,6,12,16
670,1998-06-27,3,8,9,14
669,1998-06-24,4,6,17,18
668,1998-06-20,5,6,7,10
667,1998-06-17,2,3,5,8
666,1998-06-13,3,5,8,17
665,1998-06-10,14,14,17,24
664,1998-06-06,10,12,18,28
663,1998-06-03,4,6,9,19
662,1998-05-30,2,3,5,8
661,1998-05-27,3,8,26,43
660,1998-05-23,6,8,12,13
659,1998-05-20,7,11,12,25
658,1998-05-16,3,3,7,8
657,1998-05-13,2,8,12,15
656,1998-05-09,11,12,15,17
655,1998-05-06,6,9,19,19
654,1998-05-02,3,4,8,12
653,1998-04-29,4,13,24,58
652,1998-04-25,4,5,6,11
651,1998-04-22,6,7,8,10
650,1998-04-18,3,4,10,14
649,1998-04-15,7,15,16,24
648,1998-04-11,3,5,5,11
647,1998-04-08,4,12,20,25
646,1998-04-04,6,7,8,11
645,1998-04-01,6,6,6,9
644,1998-03-28,4,6,9,11
643,1998-03-25,5,5,6,8
642,1998-03-21,5,5,8,9
641,1998-03-18,8,12,13,17
640,1998-03-14,6,8,10,43
639,1998-03-11,7,10,12,13
638,1998-03-07,7,8,10,19
637,1998-03-04,11,12,22,23
636,1998-02-28,4,4,6,9
635,1998-02-25,9,14,23,26
634,1998-02-21,7,11,12,21
633,1998-02-18,2,3,8,22
632,1998-02-14,4,5,12,13
631,1998-02-11,9,10,15,18
630,1998-02-07,4,9,16,25
629,1998-02-04,5,6,7,8
628,1998-01-31,9,9,11,13
627,1998-01-28,2,4,16,17
626,1998-01-24,2,4,6,19
625,1998-01-21,6,7,17,22
624,1998-01-17,8,15,21,24
623,1998-01-14,5,5,5,31
622,1998-01-10,5,5,7,18
621,1998-01-07,7,8,11,32
620,1998-01-03,3,3,4,6
619,1997-12-31,4,7,10,16
618,1997-12-27,6,6,7,17
617,1997-12-24,4,5,10,11
616,1997-12-20,7,8,11,19
615,1997-12-17,7,17,17,20
614,1997-12-13,7,9,10,15
613,1997-12-10,2,2,3,3
612,1997-12-06,5,10,13,14
611,1997-12-03,3,9,10,10
610,1997-11-29,13,15,21,26
609,1997-11-26,8,10,13,13
608,1997-11-22,3,4,8,19
607,1997-11-19,2,3,8,20
606,1997-11-15,4,6,9,12
605,1997-11-12,5,14,24,33
604,1997-11-08,2,4,17,21
603,1997-11-05,4,7,13,14
602,1997-11-01,8,9,15,17
601,1997-10-29,6,8,9,11
600,1997-10-25,7,7,9,17
599,1997-10-22,6,9,12,20
598,1997-10-18,4,4,8,8
597,1997-10-15,6,6,9,12
596,1997-10-11,2,9,23,28
595,1997-10-08,4,4,15,22
594,1997-10-04,5,5,10,19
593,1997-10-01,7,8,16,19
592,1997-09-27,10,14,22,25
591,1997-09-24,6,13,14,55
590,1997-09-20,5,5,6,11
589,1997-09-17,1,3,8,8
588,1997-09-13,4,5,14,24
587,1997-09-10,11,12,12,18
586,1997-09-06,3,4,4,10
585,1997-09-03,4,7,9,15
584,1997-08-30,4,5,18,24
583,1997-08-27,6,7,9,19
582,1997-08-23,4,5,13,16
581,1997-08-20,5,11,12,15
580,1997-08-16,5,5,15,15
579,1997-08-13,7,7,13,18
578,1997-08-09,4,8,10,13
577,1997-08-06,4,6,6,14
576,1997-08-02,13,13,14,19
575,1997-07-30,4,7,10,27
574,1997-07-26,2,13,21,21
573,1997-07-23,3,4,18,28
572,1997-07-19,8,8,13,14
571,1997-07-16,4,4,14,44
570,1997-07-12,2,5,15,27
569,1997-07-09,9,10,13,17
568,1997-07-05,8,9,17,22
567,1997-07-02,5,6,14,14
566,1997-06-28,16,17,18,32
565,1997-06-25,3,4,7,11
564,1997-06-21,2,4,5,6
563,1997-06-18,3,4,11,11
562,1997-06-14,5,6,6,11
561,1997-06-11,4,6,17,58
560,1997-06-07,6,13,17,34
559,1997-06-04,7,9,14,21
558,1997-05-31,3,3,4,7
557,1997-05-28,9,9,11,13
556,1997-05-24,4,5,5,14
555,1997-05-21,6,7,12,23
554,1997-05-17,2,4,13,17
553,1997-05-14,7,9,10,14
552,1997-05-10,5,8,12,16
551,1997-05-07,2,6,11,18
550,1997-05-03,5,9,10,17
549,1997-04-30,6,11,14,17
548,1997-04-26,3,4,6,8
547,1997-04-23,9,9,12,17
546,1997-04-19,4,9,14,32
545,1997-04-16,3,10,11,14
544,1997-04-12,3,5,6,8
543,1997-04-09,4,6,13,18
542,1997-04-05,5,8,14,17
541,1997-04-02,11,13,13,14
540,1997-03-29,3,4,5,12
539,1997-03-26,6,8,14,27
538,1997-03-22,15,17,23,28
537,1997-03-19,3,4,17,24
536,1997-03-15,4,4,5,5
535,1997-03-12,4,5,6,12
534,1997-03-08,10,12,13,24
533,1997-03-05,7,7,7,8
532,1997-03-01,4,7,15,32
531,1997-02-26,4,5,7,14
530,1997-02-22,1,11,13,24
529,1997-02-19,7,9,12,13
528,1997-02-15,4,4,7,38
527,1997-02-12,5,6,6,8
526,1997-02-08,11,20,25,27
525,1997-02-05,9,11,11,20
524,1997-02-01,7,10,14,21
523,1997-01-29,6,7,9,11
522,1997-01-25,3,7,9,15
521,1997-01-22,2,3,6,10
520,1997-01-18,2,5,10,12
519,1997-01-15,1,3,7,8
518,1997-01-11,8,10,14,22
517,1997-01-08,8,10,17,20
516,1997-01-04,3,4,5,5
515,1997-01-01,7,8,9,14
514,1996-12-28,7,10,14,18
513,1996-12-25,12,13,17,37
512,1996-12-21,3,9,17,20
511,1996-12-18,4,6,7,19
510,1996-12-14,4,7,34,43
509,1996-12-11,5,8,15,18
508,1996-12-07,3,7,9,15
507,1996-12-04,3,16,21,22
506,1996-11-30,7,11,12,15
505,1996-11-27,3,3,6,14
504,1996-11-23,8,11,12,15
503,1996-11-20,3,5,6,12
502,1996-11-16,6,12,13,16
501,1996-11-13,4,5,13,17
500,1996-11-09,3,15,19,34
499,1996-11-06,2,5,11,18
498,1996-11-02,6,9,10,11
497,1996-10-30,3,7,13,20
496,1996-10-26,3,4,8,13
495,1996-10-23,2,8,12,18
494,1996-10-19,4,5,5,16
493,1996-10-16,7,8,13,25
492,1996-10-12,7,10,14,18
491,1996-10-09,5,7,10,10
490,1996-10-05,3,6,6,22
489,1996-10-02,6,6,13,22
488,1996-09-28,6,18,18,19
487,1996-09-25,8,12,14,14
486,1996-09-21,7,7,15,17
485,1996-09-18,5,10,23,24
484,1996-09-14,2,2,3,11
483,1996-09-11,3,9,9,53
482,1996-09-07,6,7,8,8
481,1996-09-04,3,18,24,27
480,1996-08-31,2,3,6,18
479,1996-08-28,6,8,13,19
478,1996-08-24,3,5,6,7
477,1996-08-21,10,17,17,20
476,1996-08-17,5,7,13,30
475,1996-08-14,10,11,13,24
474,1996-08-10,2,5,9,13
473,1996-08-07,5,6,7,18
472,1996-08-03,3,4,10,28
471,1996-07-31,4,6,6,7
470,1996-07-27,9,9,11,22
469,1996-07-24,3,5,7,14
468,1996-07-20,3,4,8,19
467,1996-07-17,19,26,29,43
466,1996-07-13,7,9,16,17
465,1996-07-10,4,10,11,13
464,1996-07-06,12,15,18,31
463,1996-07-03,5,6,7,7
462,1996-06-29,3,4,4,9
461,1996-06-26,5,7,9,9
460,1996-06-22,2,3,7,26
459,1996-06-19,3,3,4,23
458,1996-06-15,7,7,13,15
457,1996-06-12,4,4,10,26
456,1996-06-08,12,13,16,20
455,1996-06-05,7,9,12,13
454,1996-06-01,4,11,12,20
453,1996-05-29,2,3,12,31
452,1996-05-25,6,10,20,20
451,1996-05-22,3,4,5,20
450,1996-05-18,3,3,5,13
449,1996-05-15,4,5,5,19
448,1996-05-11,5,6,7,9
447,1996-05-08,5,9,15,16
446,1996-05-04,5,6,9,20
445,1996-05-01,4,7,11,11
444,1996-04-27,12,14,15,17
443,1996-04-24,6,6,8,9
442,1996-04-20,14,14,16,25
441,1996-04-17,2,2,2,12
440,1996-04-13,3,4,13,18
439,1996-04-10,2,6,11,13
438,1996-04-06,3,6,13,22
437,1996-04-03,4,20,21,23
436,1996-03-30,2,3,3,9
435,1996-03-27,6,10,16,17
434,1996-03-23,6,14,20,26
433,1996-03-20,9,19,21,23
432,1996-03-16,5,8,18,30
431,1996-03-13,6,8,10,27
430,1996-03-09,3,4,6,14
429,1996-03-06,4,6,8,10
428,1996-03-02,5,6,9,10
427,1996-02-28,5,7,9,11
426,1996-02-24,5,6,9,38
425,1996-02-21,4,13,19,22
424,1996-02-17,9,9,9,27
423,1996-02-14,2,3,4,18
422,1996-02-10,4,12,15,30
421,1996-02-07,4,8,12,14
420,1996-02-03,4,8,8,9
419,1996-01-31,8,11,13,21
418,1996-01-27,8,9,13,14
417,1996-01-24,4,4,12,19
416,1996-01-20,7,7,9,13
415,1996-01-17,6,8,12,15
414,1996-01-13,3,6,8,28
413,1996-01-10,3,16,18,19
412,1996-01-06,2,6,13,40
411,1996-01-03,9,12,12,15
410,1995-12-30,2,14,19,31
409,1995-12-27,5,6,15,19
408,1995-12-23,7,8,22,41
407,1995-12-20,3,5,5,6
406,1995-12-16,4,5,6,23
405,1995-12-13,5,6,9,27
404,1995-12-09,3,5,7,9
403,1995-12-06,9,11,13,14
402,1995-12-02,4,4,9,21
401,1995-11-29,9,10,13,20
400,1995-11-25,5,6,7,15
399,1995-11-22,3,4,11,14
398,1995-11-18,7,8,9,38
397,1995-11-15,3,5,7,16
396,1995-11-11,4,12,12,17
395,1995-11-08,4,5,9,10
394,1995-11-04,3,7,12,15
393,1995-11-01,6,13,16,24
392,1995-10-28,4,7,10,31
391,1995-10-25,5,6,12,12
390,1995-10-21,4,6,10,33
389,1995-10-18,2,5,6,7
388,1995-10-14,7,14,18,19
387,1995-10-11,12,13,14,34
386,1995-10-07,4,4,5,16
385,1995-10-04,8,11,13,13
384,1995-09-30,6,7,9,13
383,1995-09-27,6,7,8,18
382,1995-09-23,4,6,10,43
381,1995-09-20,5,7,14,22
380,1995-09-16,4,12,18,48
379,1995-09-13,4,6,6,25
378,1995-09-09,3,5,5,16
377,1995-09-06,7,9,10,11
376,1995-09-02,8,10,17,27
375,1995-08-30,5,5,15,17
374,1995-08-26,3,5,15,19
373,1995-08-23,8,9,11,48
372,1995-08-19,1,3,8,8
371,1995-08-16,4,5,17,29
370,1995-08-12,4,7,9,13
369,1995-08-09,5,7,9,15
368,1995-08-05,3,5,5,16
367,1995-08-02,4,4,21,29
366,1995-07-29,6,6,10,11
365,1995-07-26,6,7,11,13
364,1995-07-22,7,8,11,22
363,1995-07-19,7,8,15,34
362,1995-07-15,3,4,8,20
361,1995-07-12,8,9,10,37
360,1995-07-08,4,7,8,17
359,1995-07-05,7,13,14,19
358,1995-07-01,8,10,14,25
357,1995-06-28,6,7,7,13
356,1995-06-24,1,8,9,32
355,1995-06-21,3,5,8,18
354,1995-06-17,5,5,6,7
353,1995-06-14,8,9,11,13
352,1995-06-10,1,3,4,6
351,1995-06-07,5,9,12,27
350,1995-06-03,7,9,12,14
349,1995-05-31,4,8,15,16
348,1995-05-27,3,4,5,8
347,1995-05-24,15,18,19,21
346,1995-05-20,5,7,10,13
345,1995-05-17,9,15,20,20
344,1995-05-13,4,4,5,7
343,1995-05-10,4,6,8,19
342,1995-05-06,4,7,15,17
341,1995-05-03,10,11,14,23
340,1995-04-29,3,3,9,17
339,1995-04-26,3,3,4,6
338,1995-04-22,4,17,23,30
337,1995-04-19,4,5,7,18
336,1995-04-15,2,4,6,16
335,1995-04-12,4,6,8,15
334,1995-04-08,6,6,11,18
333,1995-04-05,8,9,16,17
332,1995-04-01,4,6,17,20
331,1995-03-29,2,2,9,14
330,1995-03-25,4,9,10,13
329,1995-03-22,11,11,14,15
328,1995-03-18,5,6,7,10
327,1995-03-15,12,13,14,27
326,1995-03-11,12,17,18,33
325,1995-03-08,3,3,9,12
324,1995-03-04,4,0,5,5
323,1995-03-01,5,8,19,42
322,1995-02-25,6,9,11,14
321,1995-02-22,2,8,10,12
320,1995-02-18,6,9,13,17
319,1995-02-15,10,11,12,13
318,1995-02-11,7,7,17,41
317,1995-02-08,5,8,8,20
316,1995-02-04,6,13,20,32
315,1995-02-01,8,16,18,20
314,1995-01-28,2,4,7,10
313,1995-01-25,7,9,11,12
312,1995-01-21,5,8,13,14
311,1995-01-18,6,6,9,10
310,1995-01-14,4,8,11,19
309,1995-01-11,7,10,11,24
308,1995-01-07,6,9,12,14
307,1995-01-04,4,7,9,31
306,1994-12-31,1,2,6,8
305,1994-12-28,4,8,22,27
304,1994-12-24,4,8,15,23
303,1994-12-21,9,10,11,17
302,1994-12-17,6,7,15,20
301,1994-12-14,10,12,15,29
300,1994-12-10,11,24,33,41
299,1994-12-07,2,3,14,16
298,1994-12-03,10,10,12,25
297,1994-11-30,3,4,4,9
296,1994-11-26,3,4,6,11
295,1994-11-23,4,5,6,16
294,1994-11-19,4,4,4,5
293,1994-11-16,3,11,13,27
292,1994-11-12,3,10,13,25
291,1994-11-09,4,6,13,21
290,1994-11-05,4,4,5,9
289,1994-11-02,5,15,15,20
288,1994-10-29,4,5,22,27
287,1994-10-26,5,6,7,15
286,1994-10-22,8,13,16,30
285,1994-10-19,3,5,6,32
284,1994-10-15,3,4,5,11
283,1994-10-12,5,9,10,22
282,1994-10-08,10,13,13,14
281,1994-10-05,5,6,9,26
280,1994-10-01,2,3,15,17
279,1994-09-28,4,6,8,8
278,1994-09-24,3,5,14,15
277,1994-09-21,3,9,11,14
276,1994-09-17,2,4,6,6
275,1994-09-14,7,10,16,16
274,1994-09-10,5,6,9,14
273,1994-09-07,2,4,17,19
272,1994-09-03,9,14,23,32
271,1994-08-31,4,5,7,14
270,1994-08-27,10,12,16,22
269,1994-08-24,5,6,9,11
268,1994-08-20,8,11,18,26
267,1994-08-17,2,5,5,12
266,1994-08-13,5,5,37,42
265,1994-08-10,4,17,35,52
264,1994-08-06,5,7,8,13
263,1994-08-03,6,7,7,16
262,1994-07-30,7,9,19,21
261,1994-07-27,7,8,17,29
260,1994-07-23,5,7,8,9
259,1994-07-20,2,8,12,15
258,1994-07-16,8,8,13,15
257,1994-07-13,5,7,9,17
256,1994-07-09,3,4,5,11
255,1994-07-06,6,8,9,10
254,1994-07-02,2,10,15,22
253,1994-06-29,6,7,12,19
252,1994-06-25,8,16,18,29
251,1994-06-22,3,9,13,14
250,1994-06-18,3,6,14,26
249,1994-06-15,8,8,10,12
248,1994-06-11,3,5,8,21
247,1994-06-08,1,2,8,17
246,1994-06-04,4,11,12,18
245,1994-06-01,9,12,16,18
244,1994-05-28,4,5,7,8
243,1994-05-25,2,5,8,13
242,1994-05-21,4,4,30,34
241,1994-05-18,4,6,8,20
240,1994-05-14,10,12,15,18
239,1994-05-11,3,6,12,21
238,1994-05-07,3,13,14,18
237,1994-05-04,3,6,11,28
236,1994-04-30,5,5,7,10
235,1994-04-27,6,7,8,14
234,1994-04-23,2,5,8,18
233,1994-04-20,2,5,18,23
232,1994-04-16,2,6,8,20
231,1994-04-13,9,12,21,45
230,1994-04-09,5,9,11,12
229,1994-04-06,4,6,21,34
228,1994-04-02,7,12,13,17
227,1994-03-30,4,5,24,36
226,1994-03-26,4,7,12,14
225,1994-03-23,5,6,9,14
224,1994-03-19,4,5,7,10
223,1994-03-16,2,4,5,5
222,1994-03-12,4,9,12,18
221,1994-03-09,7,8,11,15
220,1994-03-05,7,13,13,18
219,1994-03-02,4,5,6,11
218,1994-02-26,7,13,21,21
217,1994-02-23,1,4,8,13
216,1994-02-19,10,13,14,15
215,1994-02-16,5,6,6,8
214,1994-02-12,3,3,7,7
213,1994-02-09,7,11,15,32
212,1994-02-05,8,11,17,19
211,1994-02-02,4,8,9,29
210,1994-01-29,7,10,17,18
209,1994-01-26,11,14,27,42
208,1994-01-22,4,6,14,24
207,1994-01-19,3,5,6,6
206,1994-01-15,6,9,10,14
205,1994-01-12,6,8,9,10
204,1994-01-08,4,5,6,10
203,1994-01-05,4,4,15,30
202,1994-01-01,3,4,14,15
201,1993-12-29,7,9,14,29
200,1993-12-25,11,15,17,27
199,1993-12-22,7,7,10,12
198,1993-12-18,3,8,9,24
197,1993-12-15,6,7,11,14
196,1993-12-11,5,6,6,11
195,1993-12-08,3,4,5,17
194,1993-12-04,5,6,8,18
193,1993-12-01,5,6,12,22
192,1993-11-27,3,5,21,31
191,1993-11-24,7,11,12,16
190,1993-11-20,10,13,19,23
189,1993-11-17,4,6,11,24
188,1993-11-13,4,6,9,22
187,1993-11-10,5,6,6,10
186,1993-11-06,4,7,9,17
185,1993-11-03,4,12,13,17
184,1993-10-30,6,18,24,34
183,1993-10-27,3,4,18,19
182,1993-10-23,6,10,10,20
181,1993-10-20,7,7,9,33
180,1993-10-16,2,3,5,9
179,1993-10-13,4,6,6,10
178,1993-10-09,4,8,9,18
177,1993-10-06,1,7,9,14
176,1993-10-02,8,14,17,23
175,1993-09-29,4,6,9,22
174,1993-09-25,3,5,12,18
173,1993-09-22,8,11,13,18
172,1993-09-18,4,8,8,23
171,1993-09-15,6,8,11,14
170,1993-09-11,6,6,18,33
169,1993-09-08,6,13,13,16
168,1993-09-04,2,3,7,7
167,1993-09-01,3,4,5,7
166,1993-08-28,11,18,22,27
165,1993-08-25,4,6,6,11
164,1993-08-21,6,7,13,33
163,1993-08-18,6,6,27,28
162,1993-08-14,6,7,8,8
161,1993-08-11,8,9,10,15
160,1993-08-07,4,5,15,24
159,1993-08-04,2,5,9,10
158,1993-07-31,5,11,25,43
157,1993-07-28,5,6,10,16
156,1993-07-24,8,9,12,24
155,1993-07-21,6,9,15,23
154,1993-07-17,4,6,22,37
153,1993-07-14,3,4,8,12
152,1993-07-10,3,5,6,8
151,1993-07-07,15,18,22,37
150,1993-07-03,5,7,7,10
149,1993-06-30,4,6,7,9
148,1993-06-26,5,8,11,13
147,1993-06-23,3,7,8,14
146,1993-06-19,7,12,20,20
145,1993-06-16,3,4,5,8
144,1993-06-12,14,16,32,59
143,1993-06-09,1,4,5,10
142,1993-06-05,4,4,7,8
141,1993-06-02,11,16,17,21
140,1993-05-29,3,3,5,27
139,1993-05-26,3,3,10,11
138,1993-05-22,11,16,19,28
137,1993-05-19,8,10,11,17
136,1993-05-15,4,4,5,9
135,1993-05-12,4,6,8,19
134,1993-05-08,6,9,12,35
133,1993-05-05,3,5,7,16
132,1993-05-01,7,8,9,16
131,1993-04-28,2,5,9,22
130,1993-04-24,5,7,12,23
129,1993-04-21,6,8,12,24
128,1993-04-17,3,3,10,14
127,1993-04-14,9,11,14,27
126,1993-04-10,5,10,11,14
125,1993-04-07,4,0,6,6
124,1993-04-03,2,4,11,24
123,1993-03-31,2,3,3,13
122,1993-03-27,8,16,16,17
121,1993-03-24,5,6,8,10
120,1993-03-20,3,4,12,13
119,1993-03-17,6,7,9,22
118,1993-03-13,9,12,14,25
117,1993-03-10,5,5,6,10
116,1993-03-06,5,6,7,18
115,1993-03-03,9,12,12,29
114,1993-02-27,9,10,13,16
113,1993-02-24,10,11,12,14
112,1993-02-20,2,4,7,25
111,1993-02-17,3,9,9,14
110,1993-02-13,2,3,13,15
109,1993-02-10,3,7,20,24
108,1993-02-06,5,12,16,20
107,1993-02-03,7,7,8,14
106,1993-01-30,5,5,19,30
105,1993-01-27,5,7,20,28
104,1993-01-23,5,9,14,23
103,1993-01-20,3,11,13,21
102,1993-01-16,7,10,11,18
101,1993-01-13,5,7,11,13
100,1993-01-09,5,6,11,14
99,1993-01-06,3,4,5,16
98,1993-01-02,3,5,6,8
97,1992-12-30,6,6,11,22
96,1992-12-26,3,5,10,20
95,1992-12-23,3,6,7,29
94,1992-12-19,5,8,11,15
93,1992-12-16,11,13,18,34
92,1992-12-12,3,5,12,12
91,1992-12-09,4,6,12,12
90,1992-12-05,13,15,25,28
89,1992-12-02,4,9,18,27
88,1992-11-28,7,7,10,21
87,1992-11-25,3,10,13,13
86,1992-11-21,3,4,4,5
85,1992-11-18,2,7,9,12
84,1992-11-14,12,15,24,28
83,1992-11-11,2,4,5,11
82,1992-11-07,4,5,6,13
81,1992-11-04,3,5,7,11
80,1992-10-31,5,10,12,17
79,1992-10-28,8,10,12,12
78,1992-10-24,5,18,19,26
77,1992-10-21,3,11,16,16
76,1992-10-17,7,7,10,14
75,1992-10-14,3,4,6,17
74,1992-10-10,6,8,9,12
73,1992-10-07,3,6,7,15
72,1992-10-03,4,4,5,18
71,1992-09-30,7,11,14,18
70,1992-09-26,5,6,10,31
69,1992-09-23,6,6,11,14
68,1992-09-19,4,6,7,7
67,1992-09-16,4,10,10,27
66,1992-09-12,9,10,12,17
65,1992-09-09,3,6,7,13
64,1992-09-05,5,10,17,22
63,1992-09-02,15,15,22,38
62,1992-08-29,3,8,10,27
61,1992-08-26,5,11,12,14
60,1992-08-22,4,8,8,9
59,1992-08-19,6,8,10,17
58,1992-08-15,4,5,5,7
57,1992-08-12,5,8,21,36
56,1992-08-08,5,8,15,34
55,1992-08-05,6,13,21,22
54,1992-08-01,7,10,15,18
53,1992-07-29,7,9,21,24
52,1992-07-25,7,9,13,17
51,1992-07-22,3,10,13,17
50,1992-07-18,5,6,7,7
49,1992-07-15,3,3,3,7
48,1992-07-11,11,16,20,23
47,1992-07-08,5,11,17,25
46,1992-07-04,2,8,9,16
45,1992-07-01,3,6,9,10
44,1992-06-27,3,5,6,10
43,1992-06-24,3,3,7,8
42,1992-06-20,2,11,13,19
41,1992-06-17,6,11,16,18
40,1992-06-13,6,9,10,14
39,1992-06-10,4,7,8,10
38,1992-06-06,5,5,11,14
37,1992-06-03,5,9,9,25
36,1992-05-30,7,8,11,19
34,1992-05-23,5,10,13,15
33,1992-05-20,2,2,6,7
32,1992-05-16,6,7,9,22
31,1992-05-13,8,8,9,13
30,1992-05-09,3,5,6,8
29,1992-05-06,11,13,14,17
28,1992-05-02,8,12,17,20
27,1992-04-29,3,7,7,13
26,1992-04-25,4,5,9,11
24,1992-04-18,5,9,10,14
23,1992-04-15,15,17,17,20
22,1992-04-11,9,9,13,16
21,1992-04-08,4,8,9,14
20,1992-04-04,2,3,5,10
19,1992-04-01,2,2,3,12
18,1992-03-28,5,13,15,17
