N1,N2,N3,N4,N5,N6,N7,N8,N9,N10,N11,N12,N13,N14,N15,N16,N17,N18,N19,N20,N21,N22,N23,N24,N25,N26,N27,N28,N29,N30,N31,N32,N33,N34,N35,N36,N37,N38,N39,N40,N41,N42,N43,N44,N45,N46,N47,N48,N49
5,6,4,3,6,6,5,5,1,4,4,3,7,7,7,4,7,4,3,9,4,1,6,5,4,4,6,4,5,8,4,6,4,8,5,4,3,4,8,5,7,5,3,4,5,3,5,7,3
11,12,8,12,10,7,9,8,7,9,11,15,13,10,12,8,9,9,11,13,9,5,7,6,14,8,13,11,9,13,10,8,8,12,10,6,10,5,12,9,16,10,7,5,8,9,14,12,10
16,20,14,15,15,12,11,16,13,14,14,18,20,17,15,12,11,16,16,22,15,11,14,14,16,15,18,14,11,16,17,16,16,16,14,9,12,8,18,17,23,12,10,13,11,10,17,13,17
21,26,18,20,22,19,13,18,17,22,18,21,26,19,22,18,16,21,19,23,15,17,17,19,21,22,25,19,15,20,21,23,20,21,20,14,16,16,26,20,29,15,17,18,18,13,23,17,24
29,31,22,23,28,23,19,23,24,26,24,27,30,23,27,26,21,26,23,28,22,20,23,25,26,23,28,24,23,26,27,27,26,24,27,19,23,21,28,21,31,21,21,24,25,17,24,24,27
33,39,27,24,29,30,23,32,31,29,26,32,34,35,30,31,22,33,32,35,31,26,26,29,27,27,32,29,29,30,33,27,33,28,32,25,30,26,37,23,36,25,26,30,30,21,27,26,32
36,44,28,30,36,35,26,37,42,30,34,35,41,40,31,37,25,36,37,39,36,31,35,31,30,36,38,35,34,36,36,31,38,32,41,27,35,33,41,26,38,29,33,34,35,28,33,32,37
44,47,35,35,41,41,29,43,48,34,36,40,48,45,37,42,28,41,41,44,37,34,38,38,37,41,45,40,37,44,40,35,41,42,51,33,40,37,45,28,40,32,39,38,38,35,35,34,47
52,50,42,39,47,47,34,48,50,37,41,42,55,49,38,49,32,44,46,51,40,40,42,43,40,45,49,44,45,50,46,44,44,47,56,38,43,47,53,35,48,39,42,41,40,37,41,37,51
61,51,45,41,52,49,39,54,52,40,47,46,59,56,47,55,36,47,49,53,44,44,47,52,48,48,51,50,53,57,48,49,47,52,63,41,47,59,58,42,52,44,46,47,44,44,49,42,53
64,59,47,45,58,55,45,61,55,42,50,53,66,59,51,57,40,50,52,55,48,49,51,58,51,54,56,57,55,63,52,53,57,56,71,46,53,65,63,46,55,51,52,51,51,53,56,47,56
68,65,53,49,65,62,52,65,59,46,54,56,74,65,57,61,44,54,59,60,56,57,55,63,54,56,59,61,62,67,56,58,61,63,76,51,60,68,68,54,58,59,54,55,54,60,60,49,58
80,71,59,52,71,68,60,71,66,55,58,61,81,67,62,67,46,60,67,63,61,61,59,69,60,57,64,66,66,70,62,64,66,66,82,56,64,73,70,59,62,61,60,58,61,62,64,52,60
90,78,66,55,73,74,66,78,72,60,63,66,84,72,68,73,50,64,70,72,64,65,62,76,67,66,73,71,70,73,64,68,70,73,88,65,67,74,74,68,65,68,60,62,63,64,64,57,65
98,80,74,60,74,79,78,83,76,66,67,69,90,76,74,78,55,66,73,81,67,71,67,83,74,71,76,77,72,77,67,75,71,78,92,70,73,79,80,76,71,72,66,65,65,68,71,61,68
102,85,76,68,77,82,82,85,79,71,70,73,95,83,80,84,56,70,79,81,74,73,70,91,79,79,83,81,74,81,71,85,78,84,98,79,79,85,84,80,76,78,71,69,68,79,78,65,70
108,90,81,74,79,86,85,89,85,76,76,80,97,88,84,90,62,74,85,85,79,80,73,96,84,82,88,87,78,89,78,90,81,91,103,84,81,89,92,86,79,82,77,77,73,84,81,68,74
113,98,83,83,86,91,88,92,93,81,80,86,105,94,89,97,64,76,90,88,86,86,75,100,89,85,95,94,82,94,82,97,86,97,107,86,84,93,97,88,82,84,82,82,80,88,89,73,80
115,104,89,89,91,93,91,96,96,84,89,92,111,98,92,99,70,80,100,93,90,90,79,107,89,90,99,99,90,100,87,101,93,104,112,89,88,100,105,91,89,90,87,84,84,93,94,78,86
118,108,92,94,99,99,97,102,103,84,97,96,115,102,96,105,75,84,107,97,95,93,81,108,95,98,104,106,96,102,92,105,99,109,117,92,93,108,109,95,93,96,90,93,90,97,100,83,91
121,115,97,97,102,109,104,107,108,86,100,104,121,111,98,108,81,88,113,105,102,98,84,110,98,102,106,112,101,103,95,109,105,116,122,97,98,115,118,99,97,102,92,99,94,106,104,85,96
127,123,103,100,109,113,108,114,112,89,107,107,122,118,104,115,86,90,121,111,106,102,90,117,101,106,108,120,102,107,101,113,112,123,131,102,102,116,122,106,102,108,95,104,98,109,107,88,103
132,127,107,105,116,120,115,119,114,92,111,110,128,125,109,122,89,97,125,116,110,108,97,122,105,111,111,125,105,112,108,117,119,126,136,107,110,123,124,110,104,112,101,109,103,114,113,93,106
137,132,108,110,122,124,119,124,120,96,116,116,136,130,114,123,98,101,128,119,116,114,102,129,109,118,116,130,108,119,113,123,124,130,139,108,115,129,132,117,108,120,103,113,108,118,119,94,113
140,135,116,114,128,130,127,129,127,99,121,121,140,137,118,130,101,107,129,121,124,119,104,136,115,124,121,134,109,124,118,127,128,134,142,111,120,136,139,120,112,122,108,117,113,126,125,104,118
146,138,119,121,136,135,128,133,129,104,125,127,145,144,124,139,106,108,134,125,130,121,106,140,124,129,127,139,112,130,126,133,132,141,145,114,125,139,143,128,120,123,118,122,115,130,128,110,124
149,145,124,124,142,140,132,139,133,111,130,133,149,148,131,146,107,117,136,128,136,126,113,146,126,132,130,142,115,136,131,135,136,146,148,119,130,145,147,135,128,129,124,128,122,136,136,112,127
157,148,126,129,145,148,135,140,133,115,132,142,153,161,136,150,111,123,140,130,144,130,118,149,131,137,136,148,122,144,137,141,141,148,156,124,132,147,154,138,138,133,130,132,127,140,138,118,133
161,154,134,136,152,148,137,142,138,120,137,146,157,169,141,155,117,129,145,136,148,133,119,153,138,144,141,153,129,151,140,145,144,154,160,127,137,150,163,147,142,140,133,140,132,142,142,123,136
166,159,140,140,159,153,140,149,144,125,141,157,162,175,145,160,121,132,149,137,154,140,122,157,143,149,148,156,130,154,143,149,148,160,167,136,141,154,168,149,146,147,138,143,136,151,149,128,140
170,162,145,144,162,156,146,152,148,127,146,163,168,178,154,166,127,140,153,142,157,149,127,164,147,154,151,165,136,158,144,156,152,165,172,142,143,156,178,153,150,152,141,147,142,153,160,133,144
172,167,151,149,169,164,150,157,153,132,153,168,171,182,161,171,134,146,159,146,164,153,135,169,151,157,154,171,142,161,149,159,155,167,175,146,150,160,184,159,151,160,145,151,147,156,167,136,151
174,168,158,156,174,166,155,162,161,138,157,174,174,187,166,178,137,150,164,151,170,157,143,174,157,165,158,172,148,165,153,165,164,169,182,149,151,162,187,162,155,166,150,154,151,163,176,146,156
179,172,164,160,181,174,160,166,165,143,164,180,179,193,169,180,141,152,166,157,176,165,150,180,162,168,164,177,150,166,158,170,170,172,187,150,156,168,194,167,160,172,156,155,155,172,184,153,158
186,178,168,165,187,179,168,167,172,147,170,190,185,193,176,184,145,159,174,160,177,166,156,186,168,173,167,183,155,168,162,175,178,178,194,157,160,178,196,172,164,174,157,160,162,175,187,157,162
190,180,173,173,188,184,176,171,178,151,174,194,190,202,179,188,148,166,177,166,179,173,160,194,171,177,169,185,157,172,169,181,184,186,198,162,167,181,204,175,171,181,162,166,167,178,192,166,165
192,184,176,179,197,192,183,179,181,156,178,197,194,204,181,197,153,172,187,170,182,177,162,199,174,183,172,187,163,176,170,186,191,189,205,168,175,186,209,182,176,186,172,169,169,181,198,169,172
196,185,178,184,203,198,185,181,183,160,180,201,198,208,184,207,159,179,190,178,187,180,165,206,175,191,180,190,170,182,171,191,194,199,210,172,185,194,216,189,179,191,178,175,174,188,201,174,176
200,189,182,188,204,203,190,187,187,169,186,207,204,216,187,210,164,183,194,184,191,188,172,212,180,199,184,196,177,187,174,199,198,203,213,175,187,202,223,194,183,194,182,180,181,190,203,179,180
203,194,189,195,206,207,195,193,193,171,193,208,212,220,191,211,170,186,199,190,195,196,180,220,183,202,189,203,185,194,183,204,202,205,219,180,190,206,227,197,188,199,190,184,184,191,207,185,186
204,200,195,197,209,210,198,200,199,175,196,212,217,223,198,216,173,189,206,198,197,207,187,223,188,206,194,206,189,197,190,216,209,206,226,186,194,210,230,203,197,207,195,188,186,195,214,187,192
209,204,201,201,219,216,204,205,204,177,202,218,224,232,202,225,177,195,210,206,199,209,192,229,195,206,201,214,192,199,197,219,211,209,229,188,196,216,232,209,205,212,200,192,192,201,216,190,199
213,210,207,207,220,218,209,209,211,181,206,223,229,238,207,229,183,199,214,213,205,210,196,234,200,206,205,219,199,205,200,227,218,217,232,193,200,221,234,216,209,218,208,198,196,207,221,195,205
216,212,213,214,224,223,214,212,214,187,217,226,231,242,210,233,186,201,216,216,214,219,201,238,203,213,207,224,203,211,208,231,227,222,237,197,203,229,241,220,215,221,211,203,201,214,230,199,211
220,216,218,215,236,230,217,214,220,191,220,229,237,247,217,238,192,210,222,222,219,223,205,238,206,219,211,229,206,216,213,239,229,226,244,202,211,231,244,226,220,224,216,209,203,220,241,204,215
223,222,221,218,241,235,219,218,226,198,228,232,243,250,223,240,200,213,226,227,223,228,208,245,212,224,213,232,210,222,220,247,233,229,248,206,215,238,248,237,226,228,223,214,209,226,247,206,220
232,226,227,220,245,237,224,223,232,204,232,234,245,253,229,246,207,217,229,232,229,235,214,251,215,228,217,236,218,227,223,252,237,233,254,211,223,242,255,243,229,234,230,220,213,229,253,212,223
236,230,229,221,249,244,229,227,238,209,241,245,253,256,234,252,213,225,234,236,233,239,219,257,219,235,224,240,222,231,225,256,241,238,259,215,227,247,262,249,236,238,235,222,219,232,259,214,226
241,234,235,227,253,251,234,234,245,213,247,249,257,259,238,256,223,229,240,238,237,241,231,260,221,240,229,248,222,233,229,258,245,242,267,221,231,251,267,253,239,243,242,230,221,237,266,223,230
242,238,238,228,259,258,241,242,250,220,253,254,261,268,244,259,226,238,246,246,241,245,234,266,223,244,236,254,225,238,239,263,247,246,269,226,236,256,275,259,241,245,245,237,226,243,269,229,232
